date, pm25, pm10, o3, no2, co
11/2/22,54,13,27,8,2
11/3/22,23,15,30,6,1
11/4/22,15,18,26,18,3
11/5/22,24,28,26,24,5
11/6/22,46,26,4,25,8
11/7/22,58,11,20,11,2
11/8/22,30,8,27,10,2
11/9/22,17,12,27,13,3
11/10/22,22,18,23,19,4
11/11/22,34,18,28,21,4
11/12/22,32,21,28,19,4
11/13/22,38,20,31,15,4
11/14/22,40,25,26,22,6
11/15/22,39,27,22,28,6
11/16/22,41,37,18,28,7
11/17/22,37,30,27,28,7
11/18/22,38,36,22,29,7
11/19/22,53,25,29,23,6
11/20/22,45,23,33,21,5
11/21/22,40,24,26,25,4
11/22/22,37,20,2,32,4
10/2/22,43,21,42,2,1
10/3/22,43,23,37,11,3
10/4/22,40,30,39,16,4
10/5/22,50,34,44,14,3
10/6/22,61,35,42,11,3
10/7/22,66,48,51,13,3
10/8/22,72,43,51,14,4
10/9/22,69,33,39,7,2
10/10/22,58,35,37,10,2
10/11/22,61,30,36,9,2
10/12/22,51,23,36,7,2
10/13/22,44,34,36,12,3
10/14/22,71,22,27,12,2
10/15/22,53,13,29,7,1
10/16/22,30,12,31,7,2
10/17/22,30,21,34,15,4
10/18/22,38,26,50,23,5
10/19/22,48,22,42,25,4
10/20/22,31,23,41,25,4
10/21/22,38,23,38,13,3
10/22/22,50,18,33,5,2
10/23/22,43,18,33,7,2
10/24/22,31,26,33,15,3
10/25/22,34,29,32,24,4
10/26/22,36,33,34,21,5
10/27/22,39,35,38,23,4
10/28/22,52,43,37,27,6
10/29/22,60,39,40,24,6
10/30/22,57,33,49,25,7
10/31/22,58,37,32,31,7
11/1/22,59,27,33,13,3
9/2/22,62,37,52,23,4
9/3/22,62,33,67,17,3
9/4/22,57,30,69,15,3
9/5/22,48,25,64,12,3
9/6/22,51,33,55,17,3
9/7/22,52,36,50,22,4
9/8/22,61,36,40,22,4
9/9/22,53,46,24,15,2
9/10/22,36,13,21,8,1
9/11/22,28,10,31,5,1
9/12/22,24,13,23,7,1
9/13/22,23,24,30,10,2
9/14/22,51,23,31,10,1
9/15/22,46,26,35,12,2
9/16/22,45,33,41,15,3
9/17/22,56,31,38,10,3
9/18/22,55,22,33,4,1
9/19/22,44,17,27,10,2
9/20/22,24,13,21,8,2
9/21/22,20,15,27,9,2
9/22/22,27,23,30,16,3
9/23/22,33,28,53,20,4
9/24/22,47,25,48,14,4
9/25/22,48,29,42,17,4
9/26/22,50,32,41,22,5
9/27/22,50,35,49,27,6
9/28/22,56,37,59,21,6
9/29/22,59,31,42,14,3
9/30/22,51,28,34,9,2
10/1/22,50,20,37,3,1
8/2/22,38,16,25,6,1
8/3/22,37,23,33,9,2
8/4/22,43,25,30,10,2
8/5/22,47,21,29,14,2
8/6/22,44,23,29,12,2
8/7/22,45,27,49,17,4
8/8/22,53,32,43,16,3
8/9/22,58,28,46,20,3
8/10/22,51,31,45,20,3
8/11/22,53,29,39,19,3
8/12/22,42,35,44,20,4
8/13/22,54,33,57,16,4
8/14/22,56,33,59,15,3
8/15/22,57,37,47,20,4
8/16/22,59,33,45,19,4
8/17/22,56,27,38,15,3
8/18/22,44,21,32,10,2
8/19/22,37,27,42,16,3
8/20/22,49,24,38,8,2
8/21/22,46,20,32,5,1
8/22/22,45,19,33,7,2
8/23/22,40,30,43,17,3
8/24/22,55,29,35,16,2
8/25/22,48,25,35,14,2
8/26/22,42,22,35,11,2
8/27/22,43,20,32,10,2
8/28/22,40,14,31,4,1
8/29/22,31,23,31,9,2
8/30/22,40,33,37,20,3
8/31/22,59,39,44,30,5
9/1/22,61,45,57,25,4
7/2/22,61,27,37,9,2
7/3/22,53,23,35,6,1
7/4/22,49,28,38,5,1
7/5/22,62,43,32,9,2
7/6/22,89,16,21,9,1
7/7/22,35,21,29,11,2
7/8/22,41,23,34,9,2
7/9/22,46,22,37,9,2
7/10/22,51,24,41,13,2
7/11/22,55,27,33,11,2
7/12/22,57,25,31,10,2
7/13/22,56,19,33,7,2
7/14/22,44,18,29,9,2
7/15/22,39,23,40,9,2
7/16/22,47,29,49,13,3
7/17/22,61,24,47,10,2
7/18/22,55,25,34,13,2
7/19/22,53,21,38,11,3
7/20/22,47,24,35,14,2
7/21/22,51,24,40,12,2
7/22/22,52,26,42,10,2
7/23/22,53,26,40,7,1
7/24/22,58,28,45,6,2
7/25/22,57,26,42,9,2
7/26/22,55,23,40,9,2
7/27/22,54,22,39,9,2
7/28/22,46,24,30,13,2
7/29/22,47,23,36,14,2
7/30/22,42,20,29,12,2
7/31/22,45,16,41,8,2
8/1/22,38,15,28,7,2
6/2/22,66,39,40,12,2
6/3/22,65,31,40,9,2
6/4/22,57,20,29,6,1
6/5/22,43,18,34,7,1
6/6/22,37,19,34,9,1
6/7/22,36,25,36,12,2
6/8/22,53,28,41,11,2
6/9/22,58,32,59,12,2
6/10/22,64,32,60,17,4
6/11/22,68,23,45,12,3
6/12/22,54,22,47,9,2
6/13/22,58,14,30,7,1
6/14/22,41,29,42,9,1
6/15/22,53,38,46,13,2
6/16/22,62,41,46,11,2
6/17/22,69,30,41,7,1
6/18/22,56,25,39,8,1
6/19/22,46,24,36,9,2
6/20/22,49,31,58,17,3
6/21/22,56,37,41,16,3
6/22/22,69,34,43,11,2
6/23/22,64,27,43,10,2
6/24/22,57,27,46,15,3
6/25/22,58,26,43,10,3
6/26/22,60,28,53,10,3
6/27/22,63,32,56,16,3
6/28/22,59,32,55,19,4
6/29/22,61,31,42,14,2
6/30/22,59,31,48,13,2
7/1/22,64,31,42,12,2
5/2/22,62,28,39,7,2
5/3/22,54,30,41,10,2
5/4/22,57,36,48,16,3
5/5/22,63,37,44,17,3
5/6/22,67,33,41,20,4
5/7/22,62,28,36,8,2
5/8/22,52,31,33,4,1
5/9/22,48,32,38,9,2
5/10/22,46,28,34,12,2
5/11/22,40,27,36,9,2
5/12/22,29,25,45,15,3
5/13/22,37,31,48,23,4
5/14/22,44,32,84,23,5
5/15/22,53,32,47,18,4
5/16/22,57,29,38,9,2
5/17/22,60,28,34,10,2
5/18/22,54,35,42,11,2
5/19/22,60,34,34,12,2
5/20/22,64,14,33,9,2
5/21/22,32,15,34,5,1
5/22/22,33,25,37,7,2
5/23/22,50,34,39,11,2
5/24/22,60,37,45,10,2
5/25/22,70,41,53,14,3
5/26/22,76,31,40,10,2
5/27/22,58,19,34,6,1
5/28/22,42,16,31,6,1
5/29/22,36,19,31,6,1
5/30/22,34,30,34,6,1
5/31/22,53,38,40,11,2
6/1/22,61,41,41,16,3
4/2/22,55,24,39,8,2
4/3/22,55,19,40,3,1
4/4/22,46,28,36,11,3
4/5/22,59,40,32,25,4
4/6/22,64,40,60,23,4
4/7/22,65,35,54,26,5
4/8/22,57,30,45,21,4
4/9/22,47,41,49,17,3
4/10/22,67,42,42,4,1
4/11/22,70,36,35,6,1
4/12/22,57,27,39,3,1
4/13/22,26,24,40,12,2
4/14/22,35,29,42,15,3
4/15/22,48,25,36,12,2
4/16/22,45,15,26,4,1
4/17/22,29,16,35,5,1
4/18/22,36,26,40,15,3
4/19/22,49,23,29,11,2
4/20/22,42,19,34,7,1
4/21/22,36,15,30,10,2
4/22/22,25,14,35,5,1
4/23/22,31,22,38,14,3
4/24/22,45,14,44,12,3
4/25/22,34,20,49,18,3
4/26/22,36,31,40,21,3
4/27/22,59,38,41,9,2
4/28/22,65,33,41,8,2
4/29/22,58,34,45,15,3
4/30/22,60,35,50,16,4
5/1/22,62,33,48,10,2
3/2/22,29,35,34,36,6
3/3/22,54,34,40,27,5
3/4/22,57,17,31,9,2
3/5/22,27,21,34,9,2
3/6/22,27,12,10,17,3
3/7/22,19,24,31,24,5
3/8/22,40,22,35,24,5
3/9/22,34,26,36,21,4
3/10/22,39,29,35,13,2
3/11/22,49,29,40,22,4
3/12/22,38,23,42,22,4
3/13/22,31,29,40,17,4
3/14/22,50,31,39,17,3
3/15/22,47,37,36,25,5
3/16/22,56,36,35,17,3
3/17/22,40,35,36,19,4
3/18/22,52,36,39,26,5
3/19/22,56,31,34,16,3
3/20/22,57,16,35,3,1
3/21/22,21,32,34,18,3
3/22/22,55,32,42,25,5
3/23/22,51,28,42,22,5
3/24/22,40,27,42,24,4
3/25/22,46,31,40,24,5
3/26/22,61,29,37,15,4
3/27/22,67,18,37,4,1
3/28/22,44,12,31,9,1
3/29/22,33,14,31,13,3
3/30/22,38,22,31,12,2
3/31/22,48,23,30,11,2
4/1/22,51,26,39,11,3
2/2/22,62,38,29,26,5
2/3/22,49,37,24,29,6
2/4/22,38,32,26,30,6
2/5/22,36,26,31,27,6
2/6/22,31,31,1,34,9
2/7/22,44,26,32,29,6
2/8/22,32,26,32,30,6
2/9/22,27,30,28,33,7
2/10/22,33,37,30,29,6
2/11/22,34,35,32,34,8
2/12/22,42,27,35,29,7
2/13/22,34,24,42,19,4
2/14/22,31,31,31,27,5
2/15/22,46,22,30,8,1
2/16/22,34,21,26,18,3
2/17/22,28,24,34,20,4
2/18/22,29,22,35,25,4
2/19/22,26,23,38,22,4
2/20/22,35,31,36,16,4
2/21/22,56,24,33,11,2
2/22/22,38,21,33,7,1
2/23/22,23,10,32,5,1
2/24/22,13,18,31,18,3
2/25/22,26,24,31,24,4
2/26/22,39,23,34,24,5
2/27/22,39,19,40,19,4
2/28/22,27,27,32,32,6
3/1/22,37,25,34,28,5
1/4/22,31,32,18,27,7
1/5/22,56,43,12,35,10
1/6/22,74,38,10,43,10
1/7/22,69,38,22,33,9
1/8/22,85,22,31,17,4
1/9/22,53,27,28,23,6
1/10/22,52,23,17,28,5
1/11/22,22,22,23,28,4
1/12/22,19,30,15,34,7
1/13/22,29,40,3,41,9
1/14/22,50,41,15,39,11
1/15/22,65,24,19,26,7
1/16/22,40,14,27,18,3
1/17/22,24,19,20,21,3
1/18/22,43,18,28,18,3
1/19/22,38,24,23,18,5
1/20/22,53,24,28,25,7
1/21/22,40,32,32,21,5
1/22/22,32,25,32,12,2
1/23/22,21,17,28,23,4
1/24/22,23,28,20,30,6
1/25/22,44,33,23,29,6
1/26/22,54,31,25,30,6
1/27/22,49,28,25,30,6
1/28/22,32,33,30,30,7
1/29/22,34,29,17,31,6
1/30/22,34,28,29,25,5
1/31/22,41,40,17,33,7
2/1/22,65,34,29,25,5
10/2/21,46,37,56,26,6
10/3/21,47,33,79,21,5
10/4/21,50,42,47,26,5
10/5/21,49,19,43,11,2
10/6/21,36,25,37,12,3
10/7/21,53,24,26,10,2
10/8/21,41,13,24,8,2
10/9/21,21,24,33,13,4
10/10/21,35,27,46,17,5
10/11/21,46,118,34,13,3
10/12/21,59,42,26,11,2
10/13/21,29,39,36,21,4
10/14/21,41,44,34,29,6
10/15/21,57,40,37,29,6
10/16/21,43,31,40,24,5
10/17/21,37,29,41,18,4
10/18/21,44,19,30,10,2
10/19/21,27,24,29,16,4
10/20/21,31,31,36,20,5
10/21/21,44,34,36,25,6
10/22/21,48,24,21,17,3
10/23/21,48,18,24,9,2
10/24/21,36,18,34,9,2
10/25/21,34,16,24,14,3
10/26/21,27,23,26,18,4
10/27/21,35,28,24,27,6
10/28/21,42,26,36,29,7
10/29/21,36,33,28,32,6
10/30/21,50,28,27,19,3
10/31/21,65,24,31,9,2
11/1/21,58,32,23,22,5
11/2/21,68,29,16,22,5
11/3/21,60,37,20,25,7
11/4/21,74,43,20,27,6
11/5/21,92,45,18,33,7
11/6/21,109,54,39,16,4
11/7/21,135,48,42,15,5
11/8/21,124,37,33,19,4
11/9/21,84,29,24,77,3
11/10/21,55,40,30,25,5
11/11/21,73,26,27,31,6
11/12/21,33,25,27,30,7
11/13/21,30,25,33,27,6
11/14/21,33,31,41,27,7
11/15/21,47,33,28,29,6
11/16/21,54,37,19,25,5
11/17/21,81,36,22,20,4
11/18/21,77,40,25,23,7
11/19/21,75,49,23,23,5
11/20/21,100,53,27,23,6
11/21/21,117,32,30,25,6
11/22/21,61,26,25,27,5
11/23/21,28,29,24,29,6
11/24/21,38,33,25,29,6
11/25/21,46,41,32,25,6
11/26/21,37,29,30,26,6
11/27/21,40,29,27,30,7
11/28/21,51,35,34,28,9
12/1/21,93,55,7,45,14
12/2/21,109,41,27,31,8
12/3/21,99,54,25,26,6
12/4/21,122,48,29,22,5
12/5/21,106,46,20,26,7
12/6/21,101,47,24,32,8
12/7/21,96,33,23,22,4
12/8/21,66,35,31,19,5
12/9/21,63,13,28,13,2
12/10/21,23,21,19,23,4
12/11/21,34,20,25,22,4
12/12/21,35,21,27,22,5
12/13/21,44,26,15,27,5
12/14/21,51,8,28,11,2
12/15/21,13,19,21,22,4
12/16/21,28,24,14,25,5
12/17/21,37,26,14,27,6
12/18/21,48,22,24,25,6
12/19/21,34,25,21,25,6
12/20/21,47,40,15,32,9
12/21/21,69,32,12,33,6
12/22/21,51,42,7,38,9
12/23/21,70,17,24,23,4
12/24/21,40,10,29,10,2
12/25/21,20,14,28,12,3
12/26/21,36,9,27,12,3
12/27/21,20,,21,20,4
12/28/21,31,14,27,20,4
12/29/21,27,11,23,16,3
12/30/21,27,5,24,9,2
12/31/21,12,15,21,16,3
1/1/22,30,21,28,14,4
1/2/22,46,17,28,18,4
1/3/22,29,22,24,23,5
7/2/21,66,24,42,10,2
7/3/21,60,24,39,10,2
7/4/21,60,40,41,7,2
7/5/21,92,34,40,8,2
7/6/21,84,26,41,10,2
7/7/21,60,30,44,13,2
7/8/21,64,34,40,16,3
7/9/21,72,32,41,12,3
7/10/21,67,29,37,12,2
7/11/21,71,28,43,9,2
7/12/21,71,26,36,11,2
7/13/21,67,28,42,10,2
7/14/21,67,26,40,10,2
7/15/21,61,20,37,8,2
7/16/21,57,22,41,8,2
7/17/21,57,21,14,9,2
7/18/21,61,20,,8,2
7/19/21,62,25,,12,2
7/20/21,61,25,,10,2
7/21/21,62,34,33,12,3
7/22/21,70,36,31,15,2
7/23/21,75,38,36,11,2
7/24/21,77,36,39,9,2
7/25/21,76,25,38,6,2
7/26/21,68,19,28,9,2
7/27/21,58,21,37,6,2
7/28/21,59,21,36,10,2
7/29/21,54,25,31,13,3
7/30/21,61,26,36,10,2
7/31/21,61,22,35,10,2
8/1/21,57,21,39,13,2
8/2/21,60,29,40,20,4
8/3/21,63,39,38,16,4
8/4/21,59,,39,11,2
8/6/21,44,35,34,13,2
8/7/21,65,32,45,10,2
8/8/21,60,28,53,8,2
8/9/21,63,28,44,13,3
8/10/21,58,23,43,10,2
8/11/21,49,27,38,14,3
8/12/21,48,30,39,18,4
8/13/21,51,24,29,15,3
8/14/21,48,25,40,10,3
8/15/21,54,25,43,10,3
8/16/21,51,29,32,15,3
8/17/21,56,26,31,10,2
8/18/21,53,16,22,6,1
8/19/21,37,13,30,5,2
8/20/21,24,16,34,5,2
8/21/21,37,15,36,4,2
8/22/21,36,22,42,7,3
8/23/21,56,26,42,12,4
8/24/21,59,23,44,11,3
8/25/21,56,29,47,15,4
8/26/21,58,40,61,21,6
8/27/21,70,43,47,22,5
8/28/21,69,28,52,12,4
8/29/21,61,26,44,8,3
8/30/21,58,34,39,10,3
8/31/21,69,34,33,12,3
9/1/21,74,26,36,9,3
9/2/21,62,26,41,7,3
9/3/21,57,33,44,13,4
9/4/21,66,32,51,18,5
9/5/21,62,29,56,18,6
9/6/21,55,33,53,7,3
9/7/21,72,34,41,13,4
9/8/21,67,30,41,11,4
9/9/21,64,23,56,12,3
9/10/21,51,22,39,13,3
9/11/21,45,26,37,18,5
9/12/21,52,32,42,16,5
9/13/21,58,29,42,15,4
9/14/21,56,33,41,19,4
9/15/21,64,35,44,13,3
9/16/21,65,29,43,9,2
9/17/21,53,30,41,9,2
9/18/21,53,23,38,7,2
9/19/21,43,29,45,12,4
9/20/21,58,35,41,20,4
9/21/21,58,36,58,24,5
9/22/21,56,32,20,25,5
9/23/21,47,32,27,19,4
9/24/21,51,30,31,15,4
9/25/21,53,23,34,8,2
9/26/21,52,21,32,5,2
9/27/21,55,23,24,10,2
9/28/21,51,21,30,10,2
9/29/21,41,29,36,15,3
9/30/21,47,41,45,23,5
10/1/21,52,39,45,28,6
4/2/21,38,35,43,19,3
4/3/21,57,37,46,11,3
4/4/21,71,34,53,15,3
4/5/21,60,31,33,13,2
4/6/21,54,36,38,11,2
4/7/21,59,34,41,15,4
4/8/21,60,36,38,16,3
4/9/21,60,39,42,16,4
4/10/21,61,,43,15,3
4/11/21,57,,43,8,2
4/14/21,54,30,39,6,1
4/15/21,59,35,39,12,2
4/16/21,63,41,33,12,3
4/17/21,72,39,42,13,3
4/18/21,72,28,45,11,3
4/19/21,49,32,46,18,4
4/20/21,60,35,40,11,2
4/21/21,71,22,35,5,1
4/22/21,52,17,35,4,1
4/23/21,47,22,33,6,1
4/24/21,55,20,37,3,1
4/25/21,54,16,36,3,1
4/26/21,47,12,34,3,1
4/27/21,31,18,36,6,1
4/28/21,43,31,38,19,3
4/29/21,55,36,50,25,5
4/30/21,64,38,58,22,4
5/1/21,65,35,38,11,2
5/2/21,67,26,36,4,1
5/3/21,58,35,36,9,2
5/4/21,67,42,47,15,3
5/5/21,75,41,38,13,3
5/6/21,82,35,33,8,2
5/7/21,71,25,38,9,2
5/8/21,62,26,42,6,2
5/9/21,61,32,44,5,2
5/10/21,67,31,35,7,2
5/11/21,61,28,42,7,2
5/12/21,63,31,40,7,2
5/13/21,63,22,39,5,2
5/14/21,53,23,41,7,2
5/15/21,60,17,38,4,1
5/16/21,49,9,33,3,1
5/17/21,35,13,35,6,1
5/18/21,40,20,41,6,2
5/19/21,53,30,38,10,2
5/20/21,60,38,38,5,1
5/21/21,62,37,36,9,2
5/22/21,56,29,36,5,1
5/23/21,56,26,36,7,2
5/24/21,57,30,46,17,4
5/25/21,59,33,44,20,3
5/26/21,66,34,31,11,2
5/27/21,69,32,41,7,2
5/28/21,68,32,43,9,2
5/29/21,79,25,35,7,2
5/30/21,62,22,37,4,2
5/31/21,58,24,40,5,2
6/1/21,61,32,39,8,2
6/2/21,73,23,38,9,2
6/3/21,65,26,42,10,2
6/4/21,61,26,35,12,2
6/5/21,59,18,36,8,2
6/6/21,55,13,34,4,1
6/7/21,47,12,29,7,1
6/8/21,40,15,39,6,1
6/9/21,43,26,33,12,2
6/10/21,50,30,36,11,2
6/11/21,48,36,45,14,3
6/12/21,63,34,55,16,4
6/13/21,66,25,51,9,2
6/14/21,58,27,36,16,3
6/15/21,58,36,45,24,4
6/16/21,66,35,36,14,2
6/17/21,70,35,32,19,3
6/18/21,74,32,35,15,3
6/19/21,79,26,41,9,2
6/20/21,70,18,37,6,2
6/21/21,63,26,41,10,2
6/22/21,64,21,30,7,2
6/23/21,53,21,27,9,2
6/24/21,60,15,26,6,1
6/25/21,39,22,28,10,2
6/26/21,51,28,38,11,3
6/27/21,60,29,47,12,2
6/28/21,71,34,47,12,3
6/29/21,71,27,29,12,2
6/30/21,62,24,36,10,2
7/1/21,60,26,41,10,2
1/5/21,59,37,16,22,7
1/6/21,69,36,17,29,8
1/7/21,61,36,14,31,10
1/8/21,56,42,28,34,9
1/9/21,63,43,22,29,7
1/10/21,63,22,28,20,5
1/11/21,37,29,25,27,7
1/12/21,47,32,19,31,7
1/13/21,41,36,10,33,9
1/14/21,43,38,17,35,11
1/15/21,59,41,22,36,9
1/16/21,50,37,25,33,8
1/17/21,52,25,34,25,7
1/18/21,41,30,28,26,6
1/19/21,60,47,28,10,2
1/20/21,59,33,27,22,5
1/21/21,35,28,26,21,4
1/22/21,41,24,30,15,3
1/23/21,35,9,24,13,3
1/24/21,28,14,30,9,3
1/25/21,42,7,30,6,2
1/26/21,11,15,26,13,3
1/27/21,23,19,27,19,2
1/28/21,31,17,30,16,4
1/29/21,32,6,26,12,3
1/30/21,19,16,30,15,5
1/31/21,35,16,28,18,5
2/1/21,36,20,13,25,5
2/2/21,34,25,25,24,6
2/3/21,50,24,22,17,6
2/4/21,46,29,24,18,4
2/5/21,52,27,32,23,6
2/6/21,53,35,28,27,7
2/7/21,68,34,32,23,6
2/8/21,73,35,33,18,3
2/9/21,70,30,31,11,2
2/10/21,58,32,35,20,4
2/11/21,63,36,36,21,5
2/12/21,66,23,30,16,2
2/13/21,41,23,34,11,2
2/14/21,37,13,35,1,
2/15/21,14,25,22,16,2
2/16/21,37,26,35,9,2
2/17/21,40,20,33,12,2
2/18/21,29,24,36,20,4
2/19/21,34,27,30,25,4
2/20/21,43,32,35,16,4
2/21/21,42,26,37,19,4
2/22/21,29,24,33,24,5
2/23/21,31,25,33,25,4
2/24/21,33,33,37,28,5
2/25/21,54,45,35,21,3
2/26/21,57,35,32,26,4
2/27/21,40,36,35,18,3
2/28/21,51,32,39,18,4
3/1/21,43,22,35,21,4
3/2/21,23,24,33,22,4
3/3/21,26,20,33,22,3
3/4/21,37,18,36,18,3
3/5/21,36,27,41,24,4
3/6/21,43,26,34,15,3
3/7/21,47,18,31,7,2
3/8/21,40,19,35,6,1
3/9/21,29,22,36,12,3
3/10/21,31,7,34,4,1
3/11/21,18,6,36,8,2
3/12/21,19,12,34,15,3
3/13/21,30,21,34,11,3
3/14/21,49,24,38,6,2
3/15/21,45,12,33,6,1
3/16/21,18,11,32,10,2
3/17/21,24,24,36,18,4
3/18/21,47,29,40,20,4
3/19/21,53,25,31,19,4
3/20/21,49,18,38,9,2
3/21/21,41,23,39,11,2
3/22/21,48,25,37,12,2
3/23/21,41,30,37,9,2
3/24/21,35,23,38,8,2
3/25/21,20,25,34,7,1
3/26/21,48,23,35,11,2
3/27/21,35,27,39,18,4
3/28/21,51,20,50,15,3
3/29/21,35,30,40,23,4
3/30/21,49,37,43,14,2
3/31/21,65,37,47,25,5
4/1/21,53,29,41,24,3
10/2/20,75,49,83,31,7
10/3/20,78,49,89,27,8
10/4/20,91,52,88,22,8
10/5/20,117,58,73,28,9
10/6/20,126,53,65,28,8
10/7/20,107,45,47,20,6
10/8/20,93,34,42,7,3
10/9/20,76,33,39,8,3
10/10/20,66,26,40,6,2
10/11/20,60,22,39,10,3
10/12/20,55,33,54,22,6
10/13/20,60,37,57,27,6
10/14/20,59,44,73,34,7
10/15/20,68,46,95,33,8
10/16/20,74,46,69,35,8
10/17/20,72,40,52,23,7
10/18/20,69,40,49,14,4
10/19/20,82,37,40,11,3
10/20/20,71,42,48,12,3
10/21/20,86,45,45,14,3
10/22/20,97,28,32,13,3
10/23/20,56,27,31,9,2
10/24/20,48,19,27,7,2
10/25/20,38,16,29,6,2
10/26/20,30,137,28,23,5
10/27/20,76,65,41,24,6
10/28/20,99,53,51,25,6
10/29/20,70,51,51,33,8
10/30/20,71,48,42,35,9
10/31/20,68,46,58,27,8
11/1/20,77,41,56,28,8
11/2/20,75,43,36,29,7
11/3/20,76,48,39,26,7
11/4/20,100,49,53,28,8
11/5/20,87,43,15,28,8
11/6/20,54,38,31,14,3
11/7/20,54,19,35,6,1
11/8/20,26,26,32,5,2
11/9/20,28,22,25,14,3
11/10/20,35,26,30,20,4
11/11/20,36,30,28,25,6
11/12/20,52,33,35,25,6
11/13/20,54,38,32,27,7
11/14/20,60,39,34,22,6
11/15/20,66,27,37,22,6
11/16/20,43,31,27,25,5
11/17/20,32,39,29,32,8
11/18/20,57,25,24,16,4
11/19/20,46,30,24,16,4
11/20/20,54,38,23,28,8
11/21/20,59,34,31,26,8
11/22/20,57,39,30,27,8
11/23/20,75,37,25,24,6
11/24/20,74,40,33,22,5
11/25/20,66,36,37,21,6
11/26/20,63,38,34,15,5
11/27/20,60,46,24,20,6
11/28/20,44,33,30,22,6
11/29/20,42,28,33,21,6
11/30/20,35,35,24,26,7
12/1/20,37,39,14,32,9
12/2/20,42,45,13,38,10
12/3/20,60,49,19,31,9
12/4/20,47,35,27,28,6
12/5/20,32,42,20,33,9
12/6/20,59,35,31,25,8
12/7/20,56,54,5,36,11
12/8/20,60,53,17,30,9
12/9/20,44,41,24,22,7
12/10/20,46,36,22,21,6
12/11/20,51,39,26,18,5
12/12/20,61,46,26,19,5
12/13/20,70,32,31,15,4
12/14/20,40,36,26,17,4
12/15/20,31,30,14,26,6
12/16/20,31,31,22,27,6
12/17/20,35,33,20,24,7
12/18/20,47,34,22,23,7
12/19/20,48,29,25,25,7
12/20/20,40,26,30,24,6
12/21/20,37,30,26,27,7
12/22/20,30,37,22,30,7
12/23/20,60,46,13,29,7
12/24/20,75,36,16,21,3
12/25/20,24,13,29,10,3
12/26/20,27,28,28,19,5
12/27/20,52,29,24,14,4
12/28/20,61,6,26,9,2
12/29/20,15,15,23,20,5
12/30/20,34,22,23,25,6
12/31/20,34,21,28,17,5
1/1/21,33,30,26,20,6
1/2/21,66,25,22,20,6
1/3/21,52,28,25,16,5
1/4/21,59,31,20,20,6
7/2/20,50,22,39,5,1
7/3/20,44,26,45,9,2
7/4/20,49,65,43,13,3
7/5/20,96,104,48,11,3
7/6/20,183,37,52,16,4
7/7/20,69,36,43,12,2
7/8/20,66,37,41,9,2
7/9/20,65,35,50,11,2
7/10/20,65,35,61,13,3
7/11/20,69,22,55,12,3
7/12/20,50,25,50,10,2
7/13/20,55,32,38,9,2
7/14/20,63,29,36,7,2
7/15/20,62,23,37,6,2
7/16/20,49,25,37,6,2
7/17/20,47,15,37,5,2
7/18/20,28,14,33,6,2
7/19/20,23,15,32,7,2
7/20/20,42,21,33,9,2
7/21/20,35,26,35,10,2
7/22/20,62,22,29,7,2
7/23/20,48,19,31,7,1
7/24/20,43,18,35,7,2
7/25/20,40,22,42,7,2
7/26/20,48,20,35,6,2
7/27/20,48,24,32,9,2
7/28/20,47,25,34,9,2
7/29/20,49,27,36,8,2
7/30/20,50,28,38,14,3
7/31/20,55,39,44,23,6
8/1/20,64,37,43,19,5
8/2/20,67,31,42,13,4
8/3/20,68,38,42,14,3
8/4/20,68,30,35,11,2
8/5/20,60,25,32,8,2
8/6/20,50,24,35,7,2
8/7/20,49,28,38,12,2
8/8/20,49,30,37,8,2
8/9/20,54,21,34,4,1
8/10/20,49,22,32,7,1
8/11/20,39,23,31,10,2
8/12/20,40,28,39,17,4
8/13/20,49,25,39,17,3
8/14/20,44,36,40,21,5
8/15/20,56,34,63,19,5
8/16/20,65,26,34,8,2
8/17/20,66,35,41,16,4
8/18/20,67,39,77,17,4
8/19/20,70,34,56,17,4
8/20/20,67,36,39,17,4
8/21/20,70,38,43,16,4
8/22/20,87,39,50,11,4
8/23/20,81,34,40,5,3
8/24/20,93,23,27,6,2
8/25/20,75,25,29,12,4
8/26/20,56,27,32,14,4
8/27/20,48,38,42,13,5
8/28/20,70,35,37,12,3
8/29/20,56,23,38,5,2
8/30/20,50,22,42,4,2
8/31/20,52,21,40,6,2
9/1/20,49,18,39,7,2
9/2/20,46,26,38,11,3
9/3/20,53,35,47,17,4
9/4/20,65,45,71,22,7
9/5/20,79,47,81,26,8
9/6/20,86,37,93,18,6
9/7/20,69,38,31,12,4
9/8/20,74,29,21,8,2
9/9/20,66,44,31,13,5
9/10/20,62,60,8,27,10
9/11/20,103,70,42,27,11
9/12/20,136,70,36,25,10
9/13/20,146,61,62,19,9
9/14/20,137,72,63,25,11
9/15/20,151,71,58,26,11
9/16/20,151,57,61,26,9
9/17/20,111,46,43,23,8
9/18/20,81,53,69,30,8
9/19/20,89,39,47,16,5
9/20/20,63,35,59,14,5
9/21/20,68,36,50,13,4
9/22/20,70,35,57,13,5
9/23/20,73,36,55,22,8
9/24/20,71,37,56,25,6
9/25/20,67,37,43,17,4
9/26/20,71,35,53,12,3
9/27/20,69,33,52,6,3
9/28/20,67,38,56,14,4
9/29/20,69,35,57,17,5
9/30/20,62,44,59,27,6
10/1/20,58,48,74,30,7
4/2/20,49,25,29,5,1
4/3/20,47,28,32,11,2
4/4/20,50,,30,7,2
4/8/20,13,7,28,8,2
4/9/20,15,5,22,6,1
4/10/20,11,6,26,8,2
4/11/20,12,13,30,8,2
4/12/20,33,14,23,4,1
4/13/20,29,10,26,6,2
4/14/20,21,19,29,11,3
4/15/20,34,21,37,14,3
4/16/20,35,25,34,11,3
4/17/20,44,17,25,7,2
4/18/20,30,12,27,3,1
4/19/20,21,13,28,1,1
4/20/20,19,20,27,6,2
4/21/20,30,26,28,8,2
4/22/20,37,26,35,11,3
4/23/20,43,39,35,19,3
4/24/20,59,31,43,13,3
4/25/20,49,31,67,12,2
4/26/20,56,29,54,13,3
4/27/20,61,32,38,14,3
4/28/20,60,34,28,15,3
4/29/20,62,33,32,12,2
4/30/20,68,32,30,9,2
5/1/20,65,31,33,9,2
5/2/20,55,29,34,9,2
5/3/20,48,22,27,6,2
5/4/20,37,34,39,12,3
5/5/20,56,35,47,17,4
5/6/20,57,37,52,21,4
5/7/20,55,37,64,20,4
5/8/20,59,41,40,18,4
5/9/20,74,38,41,7,2
5/10/20,71,26,37,4,1
5/11/20,57,20,35,4,1
5/12/20,42,16,23,7,1
5/13/20,28,21,30,8,1
5/14/20,31,27,24,9,1
5/15/20,33,28,28,8,2
5/16/20,40,28,37,8,2
5/17/20,45,24,33,7,2
5/18/20,46,10,23,3,1
5/19/20,14,17,27,5,1
5/20/20,23,20,19,7,1
5/21/20,28,27,28,13,3
5/22/20,40,29,26,8,1
5/23/20,47,27,39,2,1
5/24/20,46,33,46,7,2
5/25/20,61,33,42,8,3
5/26/20,64,32,27,10,3
5/27/20,59,31,40,8,3
5/28/20,58,23,31,8,2
5/29/20,47,14,19,8,1
5/30/20,32,11,24,3,1
5/31/20,21,16,32,6,1
6/1/20,33,24,33,12,2
6/2/20,42,32,33,14,2
6/3/20,51,32,41,14,2
6/4/20,56,29,41,9,1
6/5/20,58,16,23,4,1
6/6/20,30,17,29,2,1
6/7/20,29,26,35,4,1
6/8/20,34,28,44,5,1
6/9/20,17,18,42,12,2
6/10/20,14,29,68,17,3
6/11/20,34,33,52,20,3
6/12/20,50,23,37,9,1
6/13/20,46,23,35,7,1
6/14/20,39,25,40,6,1
6/15/20,39,27,33,9,2
6/16/20,44,24,35,6,1
6/17/20,45,23,31,6,1
6/18/20,39,24,32,7,2
6/19/20,45,26,36,7,1
6/20/20,46,19,34,2,1
6/21/20,37,18,42,3,1
6/22/20,42,23,48,7,2
6/23/20,51,25,44,9,2
6/24/20,54,23,39,8,2
6/25/20,49,22,36,9,2
6/26/20,46,16,35,8,2
6/27/20,37,19,37,7,2
6/28/20,51,9,23,3,1
6/29/20,19,12,28,5,1
6/30/20,25,20,30,6,2
7/1/20,34,27,34,8,1
1/2/20,63,32,18,24,6
1/3/20,63,31,11,31,7
1/4/20,54,38,17,29,8
1/5/20,68,29,19,24,7
1/6/20,62,26,19,29,6
1/7/20,40,25,17,27,5
1/8/20,28,28,17,23,5
1/9/20,49,26,20,22,5
1/10/20,45,27,15,24,7
1/11/20,47,28,18,21,7
1/12/20,55,27,26,16,5
1/13/20,58,33,24,21,5
1/14/20,61,34,21,23,6
1/15/20,62,43,21,26,7
1/16/20,81,35,22,21,5
1/17/20,70,16,18,19,4
1/18/20,30,24,20,22,5
1/19/20,32,23,17,25,5
1/20/20,32,31,17,28,7
1/21/20,60,17,23,17,3
1/22/20,39,26,18,21,5
1/23/20,47,29,18,24,7
1/24/20,48,30,12,30,8
1/25/20,53,39,12,28,9
1/26/20,85,44,21,16,4
1/27/20,110,38,17,24,6
1/28/20,70,25,15,29,5
1/29/20,33,38,22,25,5
1/30/20,37,38,19,28,7
1/31/20,35,35,20,29,9
2/1/20,40,26,25,25,6
2/2/20,34,26,28,18,4
2/3/20,47,28,29,5,2
2/4/20,16,33,17,32,5
2/5/20,31,24,20,27,5
2/6/20,26,32,23,25,6
2/7/20,45,36,27,26,7
2/8/20,58,39,31,23,7
2/9/20,70,20,26,12,2
2/10/20,46,25,24,23,4
2/11/20,36,34,27,23,4
2/12/20,34,39,24,24,5
2/13/20,45,42,28,20,5
2/14/20,56,42,29,25,6
2/15/20,63,38,29,22,6
2/16/20,64,35,35,19,6
2/17/20,63,38,32,24,6
2/18/20,70,41,27,20,4
2/19/20,71,43,29,15,3
2/20/20,77,39,29,26,6
2/21/20,64,32,31,24,4
2/22/20,47,16,25,6,1
2/23/20,32,23,26,9,3
2/24/20,41,34,26,17,5
2/25/20,58,33,28,24,7
2/26/20,49,34,26,25,7
2/27/20,42,33,23,29,6
2/28/20,34,26,25,24,4
2/29/20,29,24,30,15,3
3/1/20,45,22,29,5,1
3/2/20,38,22,28,15,4
3/3/20,31,28,24,21,4
3/4/20,38,39,24,18,5
3/5/20,59,40,30,16,4
3/6/20,64,37,26,17,4
3/7/20,63,13,24,6,1
3/8/20,25,8,24,6,2
3/9/20,19,20,21,13,3
3/10/20,29,10,13,9,2
3/11/20,25,14,19,9,2
3/12/20,27,18,8,16,5
3/13/20,38,10,14,14,2
3/14/20,31,11,23,12,2
3/15/20,30,10,29,5,2
3/16/20,22,22,22,11,3
3/17/20,32,11,25,13,3
3/18/20,24,17,28,13,3
3/19/20,28,14,24,11,3
3/20/20,24,16,25,8,2
3/21/20,21,11,29,6,2
3/22/20,26,11,26,6,2
3/23/20,21,9,29,4,2
3/24/20,15,15,27,8,2
3/25/20,23,11,28,4,1
3/26/20,17,11,28,7,1
3/27/20,17,18,30,10,2
3/28/20,27,20,32,6,1
3/29/20,34,,,,
10/2/19,44,34,43,20,5
10/3/19,51,35,42,24,6
10/4/19,52,35,41,21,5
10/5/19,56,38,55,23,5
10/6/19,58,36,73,22,6
10/7/19,61,35,46,26,6
10/8/19,58,34,32,24,6
10/9/19,60,30,35,12,2
10/10/19,58,41,34,15,3
10/11/19,55,44,39,27,6
10/12/19,48,43,53,22,6
10/13/19,71,46,40,21,6
10/14/19,70,40,36,16,3
10/15/19,58,46,38,25,6
10/16/19,67,40,35,30,5
10/17/19,55,45,37,19,3
10/18/19,63,38,32,18,4
10/19/19,50,33,33,21,5
10/20/19,52,34,35,20,4
10/21/19,51,29,38,23,4
10/22/19,34,34,37,30,6
10/23/19,44,40,37,38,8
10/24/19,56,46,35,39,9
10/25/19,57,41,35,34,8
10/26/19,43,32,35,25,5
10/27/19,41,31,31,8,2
10/28/19,50,44,35,24,5
10/29/19,58,53,28,25,5
10/30/19,56,53,31,21,4
10/31/19,41,40,30,27,5
11/1/19,43,36,27,28,5
11/2/19,37,47,30,31,6
11/3/19,71,41,38,30,7
11/4/19,65,45,39,32,8
11/5/19,67,43,36,31,7
11/6/19,64,46,25,28,7
11/7/19,73,53,33,26,6
11/8/19,96,47,27,36,9
11/9/19,67,31,30,27,6
11/10/19,43,36,33,20,6
11/11/19,68,41,35,15,3
11/12/19,79,40,30,23,7
11/13/19,75,39,17,21,6
11/14/19,79,36,24,21,5
11/15/19,70,35,17,22,6
11/16/19,65,40,29,26,8
11/17/19,68,27,32,25,6
11/18/19,40,28,32,30,5
11/19/19,32,37,21,32,6
11/20/19,52,19,25,11,1
11/21/19,31,19,23,16,3
11/22/19,35,28,21,22,5
11/23/19,45,23,26,25,5
11/24/19,42,21,30,22,5
11/25/19,38,30,25,24,5
11/26/19,51,67,23,20,4
11/27/19,46,23,23,21,3
11/28/19,27,6,28,5,1
11/29/19,18,12,25,14,3
11/30/19,28,14,20,14,4
12/1/19,31,12,16,15,3
12/2/19,26,24,12,25,5
12/3/19,42,34,2,33,8
12/4/19,54,14,11,23,4
12/5/19,39,20,18,18,5
12/6/19,38,22,7,26,5
12/7/19,44,12,12,14,2
12/8/19,29,14,23,12,2
12/9/19,33,28,13,21,5
12/10/19,43,30,10,23,7
12/11/19,50,30,14,24,7
12/12/19,52,45,9,34,9
12/13/19,78,47,10,31,12
12/14/19,85,37,5,21,
12/15/19,79,16,29,10,
12/16/19,25,20,19,26,
12/17/19,31,26,20,26,
12/18/19,32,28,14,31,11
12/19/19,32,35,15,34,11
12/20/19,55,26,18,29,
12/21/19,35,27,18,29,11
12/22/19,38,25,25,19,3
12/23/19,44,8,24,9,1
12/24/19,26,15,21,15,3
12/25/19,40,13,22,7,1
12/26/19,34,9,27,11,2
12/27/19,24,19,16,23,4
12/28/19,36,22,21,20,5
12/29/19,46,25,22,18,5
12/30/19,56,,,,
7/2/19,58,33,39,13,2
7/3/19,61,35,34,10,2
7/4/19,61,38,36,5,1
7/5/19,73,48,35,9,2
7/6/19,97,31,37,7,2
7/7/19,64,23,37,5,2
7/8/19,55,25,32,7,1
7/9/19,53,30,39,8,2
7/10/19,60,30,39,10,3
7/11/19,59,36,37,17,4
7/12/19,65,37,42,17,3
7/13/19,67,36,50,15,3
7/14/19,68,29,45,7,2
7/15/19,67,33,40,17,4
7/16/19,71,42,39,22,5
7/17/19,72,32,31,10,2
7/18/19,60,29,30,9,2
7/19/19,53,20,26,9,2
7/20/19,43,22,33,6,2
7/21/19,51,17,32,5,2
7/22/19,43,28,36,13,3
7/23/19,57,27,44,15,3
7/24/19,54,29,42,17,4
7/25/19,55,35,42,20,4
7/26/19,60,36,39,19,3
7/27/19,64,32,41,16,4
7/28/19,59,28,34,10,3
7/29/19,60,32,37,14,3
7/30/19,67,32,40,11,2
7/31/19,66,33,35,7,2
8/1/19,65,31,39,14,3
8/2/19,55,32,39,17,4
8/3/19,58,31,43,17,4
8/4/19,60,23,42,11,3
8/5/19,55,27,37,12,4
8/6/19,54,32,39,14,3
8/7/19,59,33,36,12,3
8/8/19,65,30,37,13,3
8/9/19,65,35,45,17,4
8/10/19,64,26,34,14,3
8/11/19,51,18,34,8,2
8/12/19,42,27,34,12,2
8/13/19,55,31,28,11,2
8/14/19,68,27,44,13,3
8/15/19,59,28,39,14,3
8/16/19,62,29,33,13,2
8/17/19,62,19,34,6,1
8/18/19,46,17,32,5,1
8/19/19,45,26,36,12,2
8/20/19,54,30,40,19,3
8/21/19,52,34,46,22,3
8/22/19,55,35,30,16,2
8/23/19,60,30,34,10,2
8/24/19,56,27,43,13,3
8/25/19,55,20,40,11,3
8/26/19,48,28,35,18,5
8/27/19,51,27,33,16,4
8/28/19,51,28,31,11,2
8/29/19,53,26,39,14,3
8/30/19,52,34,41,20,4
8/31/19,57,31,47,16,4
9/1/19,63,29,46,15,4
9/2/19,62,25,39,12,3
9/3/19,54,26,32,16,4
9/4/19,52,29,37,19,5
9/5/19,46,35,33,18,4
9/6/19,55,30,37,17,4
9/7/19,53,32,34,16,4
9/8/19,51,35,31,10,3
9/9/19,46,35,31,13,4
9/10/19,55,31,32,8,2
9/11/19,48,33,38,13,3
9/12/19,61,36,37,19,5
9/13/19,66,37,49,21,5
9/14/19,61,38,64,20,6
9/15/19,60,38,40,18,6
9/16/19,74,33,35,15,4
9/17/19,61,30,34,15,4
9/18/19,64,29,24,15,4
9/19/19,52,25,28,11,2
9/20/19,46,,32,15,3
9/26/19,59,27,22,9,2
9/27/19,54,21,24,6,1
9/28/19,41,16,21,9,2
9/29/19,26,22,32,7,2
9/30/19,32,26,31,16,4
10/1/19,54,31,34,16,4
4/2/19,42,26,35,13,2
4/3/19,44,11,23,7,1
4/4/19,22,12,24,11,1
4/5/19,24,10,26,8,2
4/6/19,16,14,28,9,2
4/7/19,32,24,38,14,4
4/8/19,50,29,37,23,5
4/9/19,52,48,37,14,3
4/10/19,42,20,39,2,1
4/11/19,17,33,27,21,3
4/12/19,44,30,33,15,2
4/13/19,44,27,37,16,3
4/14/19,50,25,42,14,3
4/15/19,51,29,30,13,3
4/16/19,50,26,27,9,1
4/17/19,46,27,33,15,3
4/18/19,49,35,43,20,5
4/19/19,57,33,35,14,3
4/20/19,68,17,32,5,1
4/21/19,45,16,37,5,1
4/22/19,34,31,30,15,3
4/23/19,56,40,31,17,4
4/24/19,70,41,34,17,3
4/25/19,69,41,33,15,2
4/26/19,74,34,32,13,2
4/27/19,71,29,33,8,2
4/28/19,66,25,31,7,1
4/29/19,58,16,25,7,1
4/30/19,36,15,30,5,1
5/1/19,29,23,31,9,2
5/2/19,43,33,31,14,3
5/3/19,59,36,39,12,2
5/4/19,63,39,40,7,2
5/5/19,69,27,35,4,1
5/6/19,53,13,28,5,1
5/7/19,27,16,22,9,1
5/8/19,27,16,24,8,1
5/9/19,29,17,21,12,2
5/10/19,35,15,19,14,2
5/11/19,31,15,31,10,3
5/12/19,39,21,35,7,2
5/13/19,46,25,33,9,1
5/14/19,50,32,37,9,2
5/15/19,68,25,24,9,1
5/16/19,56,20,32,9,1
5/17/19,34,25,27,11,2
5/18/19,41,28,34,10,2
5/19/19,45,12,33,3,1
5/20/19,28,15,34,5,1
5/21/19,28,27,30,7,1
5/22/19,38,20,29,11,1
5/23/19,33,34,17,13,2
5/24/19,48,22,28,11,3
5/25/19,44,22,30,9,2
5/26/19,43,15,31,4,1
5/27/19,33,15,32,6,1
5/28/19,33,23,29,12,3
5/29/19,46,28,27,15,3
5/30/19,53,37,34,14,2
5/31/19,70,33,35,12,2
6/1/19,70,20,30,7,1
6/2/19,47,13,30,4,1
6/3/19,40,19,32,8,2
6/4/19,47,27,32,11,2
6/5/19,65,31,33,13,2
6/6/19,71,24,37,10,2
6/7/19,61,20,35,9,2
6/8/19,50,24,39,9,2
6/9/19,56,31,46,10,2
6/10/19,63,34,51,18,4
6/11/19,57,36,54,19,3
6/12/19,59,39,35,16,3
6/13/19,67,38,33,10,2
6/14/19,68,29,27,8,2
6/15/19,56,24,35,6,2
6/16/19,58,22,33,6,2
6/17/19,61,17,25,11,2
6/18/19,44,22,30,10,2
6/19/19,51,21,38,7,2
6/20/19,51,19,27,9,2
6/21/19,48,9,21,8,1
6/22/19,26,15,32,4,1
6/23/19,34,20,35,3,1
6/24/19,47,22,33,9,2
6/25/19,54,21,25,10,2
6/26/19,51,19,35,8,2
6/27/19,43,24,39,9,2
6/28/19,51,29,39,11,2
6/29/19,55,28,41,14,3
6/30/19,55,28,41,12,3
7/1/19,55,32,37,15,3
1/2/19,65,24,20,24,5
1/3/19,42,29,18,27,6
1/4/19,41,39,10,32,9
1/5/19,60,37,20,25,8
1/6/19,66,14,27,9,2
1/7/19,35,17,19,14,3
1/8/19,30,23,15,21,6
1/9/19,36,30,17,24,7
1/10/19,55,28,17,20,6
1/11/19,51,35,13,21,6
1/12/19,70,14,22,14,3
1/13/19,32,15,23,15,4
1/14/19,30,10,17,13,2
1/15/19,28,10,25,14,2
1/16/19,25,8,20,12,2
1/17/19,21,10,18,12,2
1/18/19,23,31,17,17,5
1/19/19,51,22,24,16,5
1/20/19,44,18,19,14,4
1/21/19,32,12,31,4,1
1/22/19,17,23,19,19,5
1/23/19,28,25,18,26,6
1/24/19,38,30,18,28,8
1/25/19,41,27,19,30,7
1/26/19,35,24,23,27,6
1/27/19,36,22,28,23,6
1/28/19,40,47,12,37,9
1/29/19,76,51,20,34,11
1/30/19,92,39,20,22,5
1/31/19,67,30,14,19,4
2/1/19,55,18,20,17,4
2/2/19,38,7,23,9,2
2/3/19,20,9,24,9,2
2/4/19,24,11,25,13,2
2/5/19,24,10,28,10,2
2/6/19,16,9,28,6,2
2/7/19,14,20,24,22,4
2/8/19,39,25,26,23,4
2/9/19,45,17,29,14,3
2/10/19,35,12,32,7,2
2/11/19,22,18,25,17,4
2/12/19,25,26,24,27,6
2/13/19,33,20,23,22,4
2/14/19,33,10,22,11,3
2/15/19,23,19,26,13,4
2/16/19,29,14,30,5,2
2/17/19,20,14,30,4,2
2/18/19,19,10,26,8,2
2/19/19,13,14,29,16,4
2/20/19,24,19,23,19,3
2/21/19,33,11,26,15,2
2/22/19,27,18,27,23,3
2/23/19,31,18,32,17,3
2/24/19,34,21,34,18,4
2/25/19,44,30,28,25,6
2/26/19,54,36,24,25,6
2/27/19,63,28,26,15,3
2/28/19,52,23,18,13,2
3/1/19,46,23,21,12,2
3/2/19,48,10,20,11,2
3/3/19,27,8,25,4,1
3/4/19,21,14,23,11,3
3/5/19,20,25,23,22,4
3/6/19,46,10,19,14,2
3/7/19,28,12,28,10,2
3/8/19,20,14,32,8,2
3/9/19,20,18,29,10,2
3/10/19,29,14,30,11,3
3/11/19,38,16,27,17,3
3/12/19,37,27,28,15,2
3/13/19,40,33,32,15,3
3/14/19,42,25,37,23,5
3/15/19,36,20,34,26,5
3/16/19,28,23,39,25,5
3/17/19,35,22,40,16,3
3/18/19,38,32,41,22,4
3/19/19,54,35,32,18,4
3/20/19,67,19,30,10,2
3/21/19,34,18,29,16,3
3/22/19,32,21,33,13,3
3/23/19,38,22,28,11,2
3/24/19,42,21,37,9,3
3/25/19,49,30,36,17,4
3/26/19,55,29,33,20,4
3/27/19,52,20,22,11,2
3/28/19,43,17,30,11,3
3/29/19,28,28,30,18,4
3/30/19,44,24,41,18,4
3/31/19,42,20,52,15,3
4/1/19,40,26,40,22,4
10/2/18,44,29,21,17,3
10/3/18,42,18,16,9,2
10/4/18,32,15,19,7,2
10/5/18,29,21,26,13,2
10/6/18,33,28,28,12,3
10/7/18,52,29,33,8,2
10/8/18,50,31,31,13,3
10/9/18,51,28,29,8,2
10/10/18,47,24,31,9,2
10/11/18,45,21,32,11,3
10/12/18,32,28,31,15,3
10/13/18,39,13,25,5,1
10/14/18,31,22,27,8,2
10/15/18,44,35,37,16,5
10/16/18,35,38,26,28,6
10/17/18,40,35,32,26,6
10/18/18,37,26,36,24,5
10/19/18,33,25,28,22,4
10/20/18,24,25,39,22,5
10/21/18,30,30,41,18,5
10/22/18,52,41,35,13,3
10/23/18,65,47,20,17,4
10/24/18,73,45,35,20,5
10/25/18,67,49,35,21,5
10/26/18,78,44,46,29,8
10/27/18,71,41,42,25,7
10/28/18,72,44,45,22,8
10/29/18,87,53,37,27,8
10/30/18,105,39,37,15,3
10/31/18,67,44,33,25,8
11/1/18,60,39,20,35,8
11/2/18,53,35,32,30,8
11/3/18,49,36,36,31,8
11/4/18,58,36,47,27,7
11/5/18,70,33,27,17,3
11/6/18,66,30,31,11,2
11/7/18,49,34,38,14,3
11/8/18,55,42,35,25,6
11/9/18,65,42,27,31,9
11/10/18,44,42,34,27,8
11/11/18,77,60,39,29,11
11/12/18,122,42,25,30,8
11/13/18,49,40,22,31,9
11/14/18,44,39,20,32,8
11/15/18,43,37,21,29,7
11/16/18,40,44,16,32,9
11/17/18,57,39,29,22,5
11/18/18,69,47,35,24,8
11/19/18,91,49,10,38,10
11/20/18,74,48,27,31,9
11/21/18,72,40,24,23,5
11/22/18,75,16,26,8,2
11/23/18,32,25,25,15,4
11/24/18,50,29,22,18,5
11/25/18,57,26,30,15,6
11/26/18,54,21,24,25,5
11/27/18,30,26,20,26,4
11/28/18,31,27,22,20,4
11/29/18,40,11,26,13,1
11/30/18,24,17,23,12,2
12/1/18,33,17,24,14,4
12/2/18,34,11,29,7,2
12/3/18,19,24,23,23,4
12/4/18,37,28,22,27,5
12/5/18,31,15,15,21,3
12/6/18,31,9,18,14,2
12/7/18,24,18,18,19,5
12/8/18,29,19,22,19,5
12/9/18,34,19,20,18,5
12/10/18,36,25,7,25,6
12/11/18,46,34,12,27,8
12/12/18,58,34,18,23,7
12/13/18,63,34,15,26,7
12/14/18,48,35,3,33,8
12/15/18,39,30,15,26,6
12/16/18,44,31,18,21,6
12/17/18,59,23,21,14,3
12/18/18,41,23,17,16,3
12/19/18,41,32,13,25,8
12/20/18,54,36,14,29,9
12/21/18,52,45,8,33,10
12/22/18,66,45,11,28,9
12/23/18,85,51,18,24,9
12/24/18,108,49,21,20,6
12/25/18,103,15,28,3,1
12/26/18,28,25,20,17,4
12/27/18,38,27,25,16,4
12/28/18,37,17,28,13,3
12/29/18,18,26,20,25,7
12/30/18,39,29,20,23,7
12/31/18,53,,,,
7/2/18,48,19,30,5,3
7/3/18,39,22,32,7,3
7/4/18,45,29,38,4,3
7/5/18,59,37,43,13,6
7/6/18,71,44,63,24,12
7/7/18,66,48,63,16,7
7/8/18,70,36,50,12,6
7/9/18,67,47,36,19,3
7/10/18,71,38,30,11,4
7/11/18,65,33,34,13,5
7/12/18,58,32,32,8,6
7/13/18,56,26,32,6,4
7/14/18,48,24,31,6,4
7/15/18,45,27,35,7,4
7/16/18,53,34,33,8,5
7/17/18,54,33,34,8,5
7/18/18,61,33,31,10,4
7/19/18,62,27,31,12,2
7/20/18,55,17,28,6,2
7/21/18,34,15,28,3,3
7/22/18,33,21,29,8,5
7/23/18,38,39,45,17,6
7/24/18,58,46,47,18,4
7/25/18,71,43,46,13,7
7/26/18,76,40,39,13,7
7/27/18,79,43,46,13,8
7/28/18,85,31,40,9,4
7/29/18,70,29,49,9,7
7/30/18,61,24,34,11,7
7/31/18,48,25,32,11,4
8/1/18,50,23,29,9,5
8/2/18,48,28,28,11,7
8/3/18,56,39,31,16,8
8/4/18,64,34,36,13,7
8/5/18,67,37,45,12,7
8/6/18,70,42,58,19,5
8/7/18,72,44,62,20,7
8/8/18,71,30,37,13,2
8/9/18,56,29,37,15,3
8/10/18,58,37,33,17,4
8/11/18,50,29,25,11,4
8/12/18,49,21,30,5,3
8/13/18,46,28,26,11,8
8/14/18,47,23,24,8,7
8/15/18,39,26,28,9,4
8/16/18,49,31,36,10,4
8/17/18,59,36,37,9,5
8/18/18,66,34,37,8,7
8/19/18,67,35,45,6,4
8/20/18,71,36,36,9,5
8/21/18,68,37,39,8,3
8/22/18,72,33,41,8,6
8/23/18,66,37,41,10,8
8/24/18,75,43,44,10,7
8/25/18,91,46,48,10,9
8/26/18,101,36,48,4,6
8/27/18,78,40,43,8,7
8/28/18,76,33,36,11,5
8/29/18,63,31,33,14,6
8/30/18,51,32,37,16,4
8/31/18,57,42,48,15,9
9/1/18,66,36,42,10,5
9/2/18,66,31,36,4,3
9/3/18,58,27,39,4,4
9/4/18,52,24,33,6,3
9/5/18,50,20,33,6,2
9/6/18,44,20,33,6,3
9/7/18,43,35,40,11,5
9/8/18,62,36,65,14,12
9/9/18,68,38,31,17,9
9/10/18,74,37,38,11,2
9/11/18,63,36,36,12,2
9/12/18,59,34,43,10,1
9/13/18,59,41,44,20,5
9/14/18,63,39,41,26,5
9/15/18,53,37,36,18,4
9/16/18,51,29,45,15,4
9/17/18,49,32,36,21,4
9/18/18,47,37,40,21,5
9/19/18,53,42,42,20,5
9/20/18,58,47,35,19,5
9/21/18,67,49,39,13,4
9/22/18,68,34,43,10,3
9/23/18,54,29,41,9,3
9/24/18,51,31,30,12,2
9/25/18,60,37,30,9,3
9/26/18,61,37,38,13,3
9/27/18,63,45,44,18,5
9/28/18,70,43,36,18,3
9/29/18,82,27,36,7,2
9/30/18,48,25,35,12,3
10/1/18,51,28,26,16,4
4/2/18,84,27,36,8,4
4/3/18,59,28,37,10,6
4/4/18,59,42,36,14,7
4/5/18,80,51,31,17,8
4/6/18,105,35,32,16,7
4/7/18,57,21,21,11,1
4/8/18,50,29,39,10,6
4/9/18,53,38,48,25,13
4/10/18,58,46,56,26,10
4/11/18,68,44,36,20,5
4/12/18,62,36,43,8,2
4/13/18,31,31,41,20,5
4/14/18,33,34,55,22,5
4/15/18,50,34,45,18,3
4/16/18,60,34,36,9,3
4/17/18,41,17,38,10,2
4/18/18,23,31,38,19,9
4/19/18,40,20,33,8,4
4/20/18,32,31,36,13,6
4/21/18,51,40,45,20,7
4/22/18,66,40,49,17,11
4/23/18,73,48,38,18,8
4/24/18,84,46,38,19,10
4/25/18,94,42,38,13,6
4/26/18,82,38,36,10,7
4/27/18,69,37,37,11,5
4/28/18,67,37,37,12,7
4/29/18,56,30,39,7,3
4/30/18,47,29,34,8,3
5/1/18,47,28,34,10,2
5/2/18,52,25,29,11,4
5/3/18,52,29,34,17,8
5/4/18,56,37,51,22,11
5/5/18,58,40,23,26,9
5/6/18,64,38,45,17,7
5/7/18,66,35,37,16,2
5/8/18,64,40,44,18,4
5/9/18,71,40,40,14,4
5/10/18,73,41,35,13,6
5/11/18,70,29,25,8,2
5/12/18,49,16,32,7,4
5/13/18,35,17,36,3,4
5/14/18,36,28,33,10,6
5/15/18,49,24,31,12,3
5/16/18,44,27,33,13,6
5/17/18,39,25,33,11,2
5/18/18,40,29,29,9,3
5/19/18,54,32,33,11,6
5/20/18,58,24,34,4,4
5/21/18,51,25,26,11,4
5/22/18,51,22,29,10,4
5/23/18,52,21,31,6,3
5/24/18,43,20,29,9,4
5/25/18,40,13,30,5,5
5/26/18,24,16,32,7,1
5/27/18,34,27,37,7,1
5/28/18,54,32,38,5,4
5/29/18,64,33,30,10,6
5/30/18,71,13,23,8,4
5/31/18,39,19,31,8,5
6/1/18,45,32,33,14,7
6/2/18,57,30,41,14,3
6/3/18,59,34,39,11,2
6/4/18,66,43,34,13,6
6/5/18,76,33,34,9,5
6/6/18,65,32,37,8,3
6/7/18,63,37,43,13,5
6/8/18,59,40,41,21,4
6/9/18,66,43,43,14,8
6/10/18,66,39,42,9,3
6/11/18,60,44,47,15,5
6/12/18,66,43,41,15,3
6/13/18,69,36,39,16,3
6/14/18,71,42,48,14,4
6/15/18,82,38,37,13,5
6/16/18,67,24,30,4,1
6/17/18,49,15,28,3,1
6/18/18,34,23,30,5,4
6/19/18,42,32,35,8,4
6/20/18,59,45,47,14,9
6/21/18,80,44,45,11,6
6/22/18,79,41,44,12,7
6/23/18,87,28,35,6,4
6/24/18,62,25,35,4,3
6/25/18,53,29,35,8,1
6/26/18,58,27,36,9,1
6/27/18,51,33,39,10,1
6/28/18,66,35,34,12,1
6/29/18,64,32,34,8,2
6/30/18,57,24,33,5,1
7/1/18,52,20,36,5,3
1/2/18,148,63,19,38,23
1/3/18,133,48,4,40,16
1/4/18,60,53,17,39,20
1/5/18,83,39,16,26,11
1/6/18,70,28,10,18,12
1/7/18,61,37,21,16,7
1/8/18,91,27,15,22,9
1/9/18,62,9,23,15,6
1/10/18,32,28,6,24,11
1/11/18,59,48,15,23,18
1/12/18,83,52,8,35,26
1/13/18,98,28,26,26,19
1/14/18,44,23,32,23,15
1/15/18,36,41,17,29,20
1/16/18,105,52,13,35,19
1/17/18,92,61,21,33,24
1/18/18,87,47,15,35,20
1/19/18,73,36,21,16,7
1/20/18,65,15,31,5,4
1/21/18,21,17,30,16,4
1/22/18,32,31,22,26,11
1/23/18,44,31,23,29,11
1/24/18,41,30,20,29,9
1/25/18,44,30,22,26,11
1/26/18,50,30,26,24,7
1/27/18,46,26,28,26,11
1/28/18,35,30,27,26,15
1/29/18,44,34,23,27,18
1/30/18,39,33,16,29,15
1/31/18,31,44,14,36,20
2/1/18,62,56,14,47,26
2/2/18,87,52,29,42,18
2/3/18,87,48,39,36,9
2/4/18,91,45,43,31,13
2/5/18,93,50,25,33,21
2/6/18,88,52,24,26,13
2/7/18,109,42,30,31,17
2/8/18,71,36,29,32,18
2/9/18,47,43,27,30,16
2/10/18,68,31,32,9,2
2/11/18,67,46,36,16,6
2/12/18,67,27,28,12,1
2/13/18,44,16,30,16,2
2/14/18,34,23,28,24,4
2/15/18,40,28,31,23,5
2/16/18,53,23,35,25,5
2/17/18,37,26,35,25,6
2/18/18,47,23,35,17,4
2/19/18,50,25,33,3,1
2/20/18,20,19,30,13,2
2/21/18,23,23,31,20,3
2/22/18,35,25,32,18,3
2/23/18,35,22,35,6,1
2/24/18,23,21,34,16,2
2/25/18,30,21,37,14,3
2/26/18,39,22,35,17,3
2/27/18,37,14,29,12,2
2/28/18,27,21,30,19,3
3/1/18,47,23,32,17,6
3/2/18,44,11,19,15,5
3/3/18,38,13,34,10,7
3/4/18,31,14,33,13,10
3/5/18,34,20,32,22,11
3/6/18,31,22,,25,12
3/7/18,32,34,14,34,7
3/8/18,52,36,28,31,7
3/9/18,62,32,24,21,8
3/10/18,61,18,19,9,3
3/11/18,50,9,22,8,3
3/12/18,32,22,25,12,2
3/13/18,59,23,16,12,6
3/14/18,57,9,33,5,2
3/15/18,27,11,35,8,1
3/16/18,23,18,29,11,3
3/17/18,29,9,33,5,1
3/18/18,19,16,34,10,7
3/19/18,32,23,35,17,7
3/20/18,41,33,31,24,12
3/21/18,55,19,18,22,3
3/22/18,50,17,18,16,10
3/23/18,51,16,30,11,5
3/24/18,42,22,35,8,1
3/25/18,47,18,37,6,5
3/26/18,33,20,37,11,7
3/27/18,37,27,32,21,5
3/28/18,38,31,36,22,11
3/29/18,54,46,35,24,16
3/30/18,79,43,39,23,12
3/31/18,80,35,41,16,10
4/1/18,85,34,36,11,7
10/2/17,65,37,40,11,7
10/3/17,60,39,33,15,8
10/4/17,61,43,22,20,8
10/5/17,60,48,50,28,16
10/6/17,65,51,67,36,17
10/7/17,68,43,63,31,17
10/8/17,55,46,50,14,11
10/9/17,71,52,37,18,10
10/10/17,67,43,35,24,9
10/11/17,50,51,35,19,13
10/12/17,70,55,37,14,9
10/13/17,79,56,36,19,10
10/14/17,90,56,70,22,16
10/15/17,91,40,61,24,12
10/16/17,58,43,46,33,15
10/17/17,45,43,39,37,16
10/18/17,56,55,53,28,14
10/19/17,78,57,38,24,12
10/20/17,89,34,25,12,4
10/21/17,52,41,38,20,11
10/22/17,54,29,44,22,14
10/23/17,37,35,37,31,11
10/24/17,36,39,40,30,18
10/25/17,38,34,35,29,9
10/26/17,39,44,38,35,17
10/27/17,54,49,43,31,13
10/28/17,71,48,39,21,8
10/29/17,96,48,46,10,3
10/30/17,112,23,32,10,1
10/31/17,53,20,29,11,1
11/1/17,45,22,30,12,4
11/2/17,44,15,30,9,5
11/3/17,33,21,31,13,5
11/4/17,41,19,29,12,6
11/5/17,44,16,27,10,2
11/6/17,36,25,26,16,3
11/7/17,45,27,23,23,6
11/8/17,45,23,19,18,7
11/9/17,41,19,19,12,8
11/10/17,38,27,26,14,10
11/11/17,47,34,35,17,5
11/12/17,64,47,26,23,7
11/13/17,90,46,29,29,8
11/14/17,82,47,31,34,14
11/15/17,76,50,23,40,20
11/16/17,84,46,22,36,17
11/17/17,74,20,20,18,8
11/18/17,40,27,30,18,12
11/19/17,49,30,35,20,7
11/20/17,35,41,22,38,12
11/21/17,61,44,21,39,15
11/22/17,56,29,25,28,6
11/23/17,36,25,31,22,8
11/24/17,37,36,28,32,14
11/25/17,64,41,35,32,12
11/26/17,79,49,33,20,9
11/27/17,117,37,26,18,5
11/28/17,71,37,20,33,9
11/29/17,47,43,15,32,10
11/30/17,55,49,18,34,13
12/1/17,60,46,27,33,20
12/2/17,65,39,24,28,13
12/3/17,63,39,31,21,17
12/4/17,74,42,27,23,9
12/5/17,55,46,21,34,16
12/6/17,39,57,21,39,12
12/7/17,80,53,20,35,11
12/8/17,51,45,17,35,12
12/9/17,47,39,20,32,14
12/10/17,48,38,17,29,10
12/11/17,46,42,14,35,11
12/12/17,44,44,18,34,16
12/13/17,45,47,16,37,17
12/14/17,83,60,15,43,26
12/15/17,78,51,24,35,11
12/16/17,54,47,28,27,13
12/17/17,73,37,32,19,5
12/18/17,47,32,24,28,9
12/19/17,36,50,18,33,10
12/20/17,66,43,32,20,11
12/21/17,60,33,21,23,8
12/22/17,38,41,19,34,8
12/23/17,52,38,17,31,8
12/24/17,57,44,23,28,17
12/25/17,72,60,21,33,18
12/26/17,132,71,14,44,23
12/27/17,152,60,18,45,13
12/28/17,121,52,17,40,26
12/29/17,76,40,19,36,11
12/30/17,52,49,18,35,15
12/31/17,94,56,37,28,32
1/1/18,133,63,31,25,14
7/2/17,78,29,46,6,1
7/3/17,65,35,52,13,2
7/4/17,70,37,47,13,2
7/5/17,78,42,38,16,2
7/6/17,101,35,51,19,3
7/7/17,64,46,70,28,5
7/8/17,78,46,77,21,4
7/9/17,83,34,53,9,1
7/10/17,69,31,38,15,2
7/11/17,65,22,31,10,2
7/12/17,51,21,27,10,2
7/13/17,54,26,28,11,2
7/14/17,57,27,31,13,2
7/15/17,53,36,40,15,3
7/16/17,66,33,41,10,2
7/17/17,69,35,32,13,2
7/18/17,65,33,40,13,2
7/19/17,65,32,40,13,3
7/20/17,67,33,43,14,2
7/21/17,64,38,41,12,3
7/22/17,68,39,57,12,3
7/23/17,76,30,51,9,2
7/24/17,64,25,26,12,3
7/25/17,54,17,29,7,1
7/26/17,43,16,30,6,1
7/27/17,41,21,33,8,2
7/28/17,42,33,30,16,3
7/29/17,61,28,43,10,2
7/30/17,62,23,41,6,1
7/31/17,55,32,36,10,2
8/1/17,66,40,50,19,4
8/2/17,66,42,49,22,4
8/3/17,71,32,48,14,3
8/4/17,61,23,34,11,2
8/5/17,47,21,38,7,2
8/6/17,49,21,43,5,1
8/7/17,51,28,40,11,2
8/8/17,55,38,40,17,3
8/9/17,70,38,43,15,4
8/10/17,68,38,44,17,5
8/11/17,69,34,43,12,4
8/12/17,63,37,57,12,3
8/13/17,76,35,60,6,2
8/14/17,77,31,37,8,2
8/15/17,62,20,24,9,1
8/16/17,45,25,31,8,1
8/17/17,57,34,36,13,3
8/18/17,63,29,32,11,2
8/19/17,60,28,36,6,1
8/20/17,61,28,39,5,1
8/21/17,60,23,33,8,2
8/22/17,54,27,33,11,4
8/23/17,57,30,30,8,2
8/24/17,68,37,37,9,3
8/25/17,81,44,43,13,3
8/26/17,93,34,55,12,6
8/27/17,88,23,43,11,3
8/28/17,66,36,51,24,7
8/29/17,75,46,78,27,6
8/30/17,89,43,70,28,5
8/31/17,80,48,73,29,7
9/1/17,75,45,71,25,5
9/2/17,71,47,24,24,7
9/3/17,74,50,37,12,5
9/4/17,59,18,27,5,3
9/5/17,47,27,14,,9
9/6/17,62,,,,
9/10/17,56,28,59,16,6
9/11/17,62,34,48,20,7
9/12/17,63,22,37,8,3
9/13/17,55,21,32,9,3
9/14/17,52,19,30,11,3
9/15/17,51,21,31,14,5
9/16/17,47,26,37,12,3
9/17/17,55,29,39,6,2
9/18/17,56,31,40,11,9
9/19/17,59,32,35,11,6
9/20/17,61,32,34,14,10
9/21/17,64,28,21,9,5
9/22/17,48,32,35,13,6
9/23/17,51,31,39,14,9
9/24/17,50,28,54,15,10
9/25/17,48,26,43,22,4
9/26/17,35,39,44,28,15
9/27/17,62,44,44,27,17
9/28/17,76,43,57,32,8
9/29/17,71,46,49,29,13
9/30/17,66,50,49,18,12
10/1/17,94,35,41,5,2
4/2/17,32,,39,16,4
4/4/17,42,32,39,13,2
4/5/17,62,38,49,24,4
4/6/17,64,39,35,23,5
4/7/17,70,24,36,10,2
4/8/17,46,14,40,6,2
4/9/17,25,21,45,11,3
4/10/17,35,25,48,21,4
4/11/17,43,29,44,25,5
4/12/17,51,25,32,15,3
4/13/17,46,10,33,9,2
4/14/17,19,22,41,14,3
4/15/17,35,26,49,20,5
4/16/17,46,23,49,15,4
4/17/17,46,16,26,14,2
4/18/17,33,11,21,9,2
4/19/17,30,13,26,9,1
4/20/17,28,33,42,18,4
4/21/17,48,34,59,26,5
4/22/17,57,34,80,23,4
4/23/17,55,25,39,8,1
4/24/17,40,33,38,10,1
4/25/17,50,26,46,8,2
4/26/17,29,32,32,16,3
4/27/17,44,38,50,8,2
4/28/17,40,33,46,6,2
4/29/17,30,34,51,14,3
4/30/17,32,34,61,17,4
5/1/17,53,38,64,22,4
5/2/17,59,38,51,21,3
5/3/17,62,34,51,14,2
5/4/17,62,32,40,13,3
5/5/17,64,34,31,13,2
5/6/17,75,21,35,5,1
5/7/17,40,9,35,5,1
5/8/17,26,27,33,14,4
5/9/17,53,34,33,13,2
5/10/17,57,23,29,10,2
5/11/17,45,25,36,8,3
5/12/17,45,36,36,12,2
5/13/17,67,31,41,9,2
5/14/17,47,31,43,9,2
5/15/17,52,26,36,8,1
5/16/17,40,29,34,12,2
5/17/17,50,27,31,11,1
5/18/17,45,34,36,14,3
5/19/17,51,37,51,18,3
5/20/17,51,35,67,22,4
5/21/17,49,34,58,16,3
5/22/17,58,35,45,14,2
5/23/17,68,31,49,13,3
5/24/17,59,33,40,14,3
5/25/17,67,16,33,7,1
5/26/17,36,10,31,6,1
5/27/17,28,16,39,10,2
5/28/17,35,23,44,10,2
5/29/17,47,28,43,6,1
5/30/17,61,35,38,10,2
5/31/17,72,32,41,12,2
6/1/17,68,29,104,9,2
6/2/17,64,35,38,14,2
6/3/17,74,40,64,13,2
6/4/17,86,40,55,10,2
6/5/17,95,36,38,13,2
6/6/17,77,38,33,13,2
6/7/17,81,31,35,14,2
6/8/17,65,19,34,8,1
6/9/17,49,22,30,12,2
6/10/17,44,,26,7,1
6/11/17,34,,31,4,1
6/12/17,37,,31,11,2
6/13/17,40,,39,14,2
6/14/17,53,,47,21,4
6/15/17,62,,44,21,4
6/16/17,75,,55,21,4
6/23/17,59,31,33,11,2
6/24/17,69,25,35,8,2
6/25/17,56,33,52,13,3
6/26/17,61,38,42,23,5
6/27/17,63,33,41,19,3
6/28/17,54,33,37,14,2
6/29/17,57,49,38,11,3
6/30/17,104,39,42,11,2
7/1/17,71,40,44,10,1
1/3/17,34,23,8,26,6
1/4/17,46,24,6,27,6
1/5/17,53,9,21,17,2
1/6/17,27,21,15,22,4
1/7/17,39,20,13,22,5
1/8/17,37,16,24,22,5
1/9/17,34,14,18,19,3
1/10/17,35,14,24,17,4
1/11/17,35,20,27,10,1
1/12/17,33,9,19,17,2
1/13/17,27,18,15,22,5
1/14/17,49,32,13,24,9
1/15/17,65,22,27,13,5
1/16/17,49,28,28,18,4
1/17/17,52,29,23,26,7
1/18/17,52,30,22,23,7
1/19/17,57,18,27,12,1
1/20/17,34,12,29,14,2
1/21/17,28,14,30,8,1
1/22/17,24,10,27,10,3
1/23/17,28,8,31,12,2
1/24/17,16,16,26,20,5
1/25/17,35,25,25,20,6
1/26/17,47,29,16,24,8
1/27/17,51,34,15,31,8
1/28/17,40,35,22,29,9
1/29/17,60,,25,29,8
2/2/17,68,34,19,24,5
2/3/17,67,22,15,25,6
2/4/17,57,20,28,11,5
2/5/17,43,24,19,12,3
2/6/17,57,7,18,15,3
2/7/17,23,9,15,14,3
2/8/17,24,13,10,14,3
2/9/17,33,24,17,14,8
2/10/17,49,22,1,19,6
2/11/17,52,13,26,12,2
2/12/17,27,23,25,19,6
2/13/17,41,22,22,26,6
2/14/17,35,33,22,24,6
2/15/17,55,29,27,25,7
2/16/17,48,34,20,28,8
2/17/17,59,10,36,11,1
2/18/17,22,7,35,10,2
2/19/17,21,17,28,10,2
2/20/17,28,15,22,14,2
2/21/17,29,19,19,18,4
2/22/17,46,13,34,13,3
2/23/17,28,10,34,4,1
2/24/17,17,16,34,22,3
2/25/17,35,25,32,19,5
2/26/17,50,11,33,10,2
2/27/17,27,14,25,17,2
2/28/17,31,16,35,19,4
3/1/17,32,21,32,26,5
3/2/17,39,24,31,29,6
3/3/17,36,21,34,28,5
3/4/17,29,27,41,20,5
3/5/17,48,17,35,6,1
3/6/17,29,16,31,18,3
3/7/17,27,23,32,25,5
3/8/17,37,25,33,27,6
3/9/17,44,32,40,32,7
3/10/17,58,35,46,32,7
3/11/17,68,33,51,28,7
3/12/17,69,34,51,27,6
3/13/17,91,52,45,34,8
3/14/17,118,37,43,31,7
3/15/17,74,38,42,32,7
3/16/17,66,41,32,30,7
3/17/17,72,42,45,29,8
3/18/17,91,41,41,16,4
3/19/17,103,31,41,12,4
3/20/17,81,15,30,9,2
3/21/17,38,13,17,15,3
3/22/17,30,9,30,9,2
3/23/17,26,14,32,10,2
3/24/17,23,27,34,16,4
3/25/17,42,20,35,13,2
3/26/17,37,20,40,9,4
3/27/17,45,27,40,11,2
3/28/17,36,33,36,20,4
3/29/17,37,30,23,28,7
3/30/17,46,35,41,20,4
3/31/17,51,30,36,7,2
4/1/17,38,32,40,20,4
10/2/16,50,35,39,11,3
10/3/16,46,36,34,16,4
10/4/16,37,31,30,15,3
10/5/16,32,30,37,10,4
10/6/16,32,44,43,20,6
10/7/16,53,40,40,29,7
10/8/16,38,33,49,16,7
10/9/16,41,28,60,19,5
10/10/16,39,30,31,18,5
10/11/16,37,26,25,10,3
10/12/16,40,31,27,5,2
10/13/16,49,37,36,13,4
10/14/16,61,41,32,13,3
10/15/16,79,23,26,10,2
10/16/16,39,6,20,5,3
10/17/16,14,10,25,6,2
10/18/16,16,29,33,17,5
10/19/16,44,41,37,28,6
10/20/16,40,36,39,28,7
10/21/16,31,35,33,26,7
10/22/16,43,35,34,24,7
10/23/16,47,30,24,20,6
10/24/16,52,18,20,11,3
10/25/16,39,27,24,10,4
10/26/16,42,32,21,19,6
10/27/16,48,36,20,14,7
10/28/16,54,19,15,10,3
10/29/16,32,14,15,8,4
10/30/16,19,6,20,10,2
10/31/16,13,17,25,5,3
11/1/16,23,27,26,17,4
11/2/16,36,34,22,29,7
11/3/16,44,32,30,30,9
11/4/16,31,38,27,32,8
11/5/16,45,42,36,31,8
11/6/16,71,43,35,20,6
11/7/16,78,48,28,31,8
11/8/16,78,37,32,36,8
11/9/16,48,34,31,31,5
11/10/16,29,32,28,32,6
11/11/16,33,28,33,31,6
11/12/16,37,31,29,33,7
11/13/16,47,27,46,24,5
11/14/16,36,35,35,33,7
11/15/16,43,47,17,38,9
11/16/16,72,45,23,24,6
11/17/16,74,45,31,26,5
11/18/16,51,37,20,30,6
11/19/16,33,41,19,30,7
11/20/16,51,32,22,19,6
11/21/16,52,13,25,12,2
11/22/16,24,27,25,19,4
11/23/16,46,28,24,22,5
11/24/16,52,27,30,18,3
11/25/16,44,27,24,25,5
11/26/16,46,27,29,22,6
11/27/16,58,17,22,13,3
11/28/16,45,26,21,23,5
11/29/16,41,30,21,23,6
11/30/16,50,33,14,21,7
12/1/16,42,34,21,27,7
12/2/16,53,33,32,20,4
12/3/16,32,49,22,28,29
12/4/16,48,42,18,30,9
12/5/16,64,43,22,27,8
12/6/16,70,41,24,20,4
12/7/16,65,42,23,27,6
12/8/16,68,37,25,26,5
12/9/16,61,35,6,27,6
12/10/16,66,42,13,22,5
12/11/16,101,34,10,16,3
12/12/16,94,25,15,14,3
12/13/16,68,38,13,20,5
12/14/16,87,57,12,27,10
12/15/16,128,52,14,31,9
12/16/16,107,18,32,8,1
12/17/16,19,18,29,14,3
12/18/16,31,24,28,23,6
12/19/16,46,37,25,31,8
12/20/16,47,36,16,32,4
12/21/16,30,21,9,27,3
12/22/16,31,11,10,19,3
12/23/16,29,15,28,13,3
12/24/16,35,5,31,4,
12/25/16,15,10,27,12,2
12/26/16,43,21,24,20,4
12/27/16,50,28,19,24,4
12/28/16,38,23,16,27,4
12/29/16,25,24,17,27,4
12/30/16,25,15,22,18,3
12/31/16,30,10,25,9,1
1/1/17,28,17,25,14,3
1/2/17,54,15,28,16,2
7/2/16,66,28,38,9,2
7/3/16,53,22,35,7,2
7/4/16,48,18,33,3,3
7/5/16,41,28,31,6,3
7/6/16,49,26,38,1,2
7/7/16,50,30,41,2,2
7/8/16,55,35,41,4,2
7/9/16,58,33,49,2,4
7/10/16,58,26,41,2,2
7/11/16,53,36,40,3,2
7/12/16,59,42,38,3,2
7/13/16,67,41,49,3,3
7/14/16,64,39,41,3,3
7/15/16,65,36,41,3,3
7/16/16,69,29,46,1,2
7/17/16,61,23,42,,2
7/18/16,46,28,47,2,3
7/19/16,48,28,43,4,5
7/20/16,43,38,47,14,5
7/21/16,53,42,39,6,4
7/22/16,54,46,60,15,5
7/23/16,57,49,44,17,4
7/24/16,65,34,39,14,5
7/25/16,57,37,41,9,3
7/26/16,58,24,40,5,3
7/27/16,43,25,35,11,4
7/28/16,37,28,32,12,4
7/29/16,47,33,35,11,4
7/30/16,50,34,33,5,3
7/31/16,54,21,35,3,2
8/1/16,41,23,33,4,3
8/2/16,36,24,32,5,4
8/3/16,38,24,32,5,2
8/4/16,36,27,38,4,2
8/5/16,46,32,36,8,2
8/6/16,55,26,38,3,2
8/7/16,39,29,43,6,2
8/8/16,60,34,44,10,2
8/9/16,63,34,23,10,3
8/10/16,67,40,43,7,2
8/11/16,59,27,41,8,1
8/12/16,45,21,38,5,1
8/13/16,33,22,41,9,2
8/14/16,34,28,46,15,3
8/15/16,50,34,42,21,4
8/16/16,55,34,41,11,3
8/17/16,46,32,39,15,5
8/18/16,50,33,40,11,3
8/19/16,57,27,37,9,2
8/20/16,43,22,33,6,2
8/21/16,39,29,40,15,3
8/22/16,51,35,37,9,3
8/23/16,54,36,35,13,4
8/24/16,60,36,37,20,4
8/25/16,58,38,30,15,3
8/26/16,61,31,34,9,1
8/27/16,53,31,42,9,2
8/28/16,58,30,41,12,3
8/29/16,52,41,48,,
8/30/16,63,42,55,21,
8/31/16,68,40,41,17,3
9/1/16,65,41,37,18,3
9/2/16,59,40,37,13,2
9/3/16,66,27,35,7,1
9/4/16,41,24,31,6,1
9/5/16,41,31,37,7,2
9/6/16,49,36,37,12,3
9/7/16,55,42,43,15,3
9/8/16,67,33,33,11,3
9/9/16,51,30,38,8,2
9/10/16,48,33,43,12,3
9/11/16,56,26,35,7,1
9/12/16,45,30,21,10,2
9/13/16,50,15,22,7,1
9/14/16,22,24,17,17,3
9/15/16,34,34,34,18,3
9/16/16,45,37,39,18,4
9/17/16,53,37,42,17,3
9/18/16,62,38,57,22,5
9/19/16,71,41,41,28,5
9/20/16,64,22,27,20,3
9/21/16,35,16,30,14,3
9/22/16,42,43,33,12,1
9/23/16,47,52,35,17,3
9/24/16,52,39,51,26,5
9/25/16,46,40,51,25,5
9/26/16,37,34,42,29,4
9/27/16,25,41,45,24,4
9/28/16,35,35,42,19,3
9/29/16,34,34,49,23,4
9/30/16,42,33,38,25,4
10/1/16,41,34,37,17,3
4/2/16,53,42,37,9,4
4/3/16,70,47,50,5,6
4/4/16,63,38,50,5,5
4/5/16,52,40,51,7,7
4/6/16,60,39,37,10,5
4/7/16,61,39,26,5,5
4/8/16,66,26,21,5,4
4/9/16,52,18,25,2,3
4/10/16,37,18,31,2,3
4/11/16,35,20,33,3,3
4/12/16,37,25,30,4,5
4/13/16,43,28,33,3,3
4/14/16,50,39,31,4,3
4/15/16,60,41,37,3,2
4/16/16,19,35,41,4,5
4/17/16,24,27,54,4,5
4/18/16,32,31,50,5,5
4/19/16,40,33,53,10,7
4/20/16,46,32,45,7,6
4/21/16,37,36,33,8,5
4/22/16,41,27,29,6,3
4/23/16,33,27,43,1,3
4/24/16,36,35,45,2,3
4/25/16,47,46,39,1,3
4/26/16,45,35,44,2,5
4/27/16,42,39,37,3,3
4/28/16,47,38,36,4,2
4/29/16,45,32,36,7,2
4/30/16,47,32,39,2,3
5/1/16,47,34,41,2,4
5/2/16,56,43,40,1,4
5/3/16,64,45,42,4,5
5/4/16,66,41,33,3,3
5/5/16,67,20,26,3,2
5/6/16,28,16,27,11,3
5/7/16,25,17,32,2,3
5/8/16,29,15,31,2,3
5/9/16,24,19,30,1,3
5/10/16,28,26,34,2,4
5/11/16,46,31,38,1,2
5/12/16,56,32,35,3,3
5/13/16,61,42,45,5,3
5/14/16,86,31,34,1,2
5/15/16,67,20,33,,2
5/16/16,38,28,31,2,2
5/17/16,49,30,38,1,4
5/18/16,56,29,30,1,2
5/19/16,53,30,35,2,2
5/20/16,65,28,35,2,2
5/21/16,43,22,32,2,2
5/22/16,31,22,35,2,3
5/23/16,37,22,31,2,3
5/24/16,34,20,26,3,3
5/25/16,30,13,28,,2
5/26/16,17,25,30,2,3
5/27/16,39,34,37,3,3
5/28/16,52,39,39,2,2
5/29/16,67,30,38,,2
5/30/16,54,25,40,1,2
5/31/16,52,34,36,5,5
6/1/16,75,37,41,6,3
6/2/16,74,43,52,2,4
6/3/16,88,49,70,7,5
6/4/16,104,41,66,3,5
6/5/16,96,23,37,1,2
6/6/16,61,28,30,1,2
6/7/16,61,28,33,1,3
6/8/16,55,33,39,2,3
6/9/16,66,34,33,4,3
6/10/16,69,33,33,4,3
6/11/16,63,12,25,1,2
6/12/16,24,12,32,,1
6/13/16,18,17,25,1,2
6/14/16,28,35,36,7,3
6/15/16,62,32,35,11,2
6/16/16,50,39,42,14,3
6/17/16,59,52,66,9,5
6/18/16,88,41,42,7,6
6/19/16,73,32,55,5,4
6/20/16,49,39,61,7,5
6/21/16,57,39,29,2,3
6/22/16,66,39,36,3,3
6/23/16,70,38,36,2,2
6/24/16,66,41,36,8,2
6/25/16,77,43,53,12,2
6/26/16,77,40,50,10,3
6/27/16,75,47,55,20,4
6/28/16,89,40,47,16,4
6/29/16,72,38,45,15,4
6/30/16,76,40,42,15,3
7/1/16,73,36,34,12,3
1/9/16,822,19,23,9,5
1/13/16,38,26,21,15,7
1/14/16,47,29,14,7,7
1/15/16,72,39,18,6,5
1/16/16,67,41,15,10,5
1/17/16,68,37,24,4,4
1/18/16,91,48,28,3,6
1/19/16,62,32,16,6,5
1/20/16,44,21,13,2,5
1/21/16,57,25,17,5,5
1/22/16,44,30,14,6,7
1/23/16,55,38,11,14,8
1/24/16,61,35,16,4,7
1/25/16,45,27,30,4,4
1/26/16,43,31,21,4,6
1/27/16,32,32,22,5,8
1/28/16,32,31,14,8,7
1/29/16,46,36,15,6,8
1/30/16,69,50,12,16,9
1/31/16,56,35,19,3,5
2/1/16,23,16,28,1,2
2/2/16,10,13,30,,2
2/3/16,23,21,22,4,6
2/4/16,38,25,25,7,6
2/5/16,34,26,15,6,6
2/6/16,32,28,24,16,8
2/7/16,27,24,30,5,7
2/8/16,38,24,36,5,7
2/9/16,37,30,26,5,9
2/10/16,36,32,24,8,7
2/11/16,32,31,25,8,7
2/12/16,46,36,26,10,7
2/13/16,66,46,34,18,9
2/14/16,109,55,39,11,10
2/15/16,90,47,40,7,9
2/16/16,42,35,30,6,8
2/17/16,34,29,33,6,6
2/18/16,47,32,28,9,6
2/19/16,31,17,26,3,3
2/20/16,50,32,26,10,6
2/21/16,56,33,32,4,6
2/22/16,70,39,36,4,7
2/23/16,63,41,29,5,7
2/24/16,32,31,26,8,7
2/25/16,25,28,35,12,5
2/26/16,45,32,38,9,6
2/27/16,67,44,32,14,7
2/28/16,82,46,39,5,7
2/29/16,98,49,44,3,6
3/1/16,98,54,35,5,6
3/2/16,129,60,27,9,7
3/3/16,115,55,29,8,9
3/4/16,82,46,25,5,6
3/5/16,81,43,28,8,4
3/6/16,52,30,22,2,3
3/7/16,25,18,36,1,2
3/8/16,22,17,33,3,3
3/9/16,29,17,28,5,3
3/10/16,45,29,27,5,5
3/11/16,55,33,25,5,7
3/12/16,38,23,26,7,3
3/13/16,33,22,31,2,3
3/14/16,45,29,34,1,3
3/15/16,36,21,24,2,3
3/16/16,57,36,33,6,6
3/17/16,50,38,39,9,6
3/18/16,65,43,40,5,6
3/19/16,86,50,41,5,3
3/20/16,99,51,44,2,4
3/21/16,112,51,50,3,4
3/22/16,79,40,24,3,3
3/23/16,30,34,37,3,4
3/24/16,27,30,35,6,6
3/25/16,27,26,36,6,5
3/26/16,48,35,36,9,6
3/27/16,65,41,44,3,4
3/28/16,71,44,45,1,3
3/29/16,47,34,34,1,2
3/30/16,26,26,28,2,3
3/31/16,28,22,32,2,3
4/1/16,46,33,33,5,5
10/2/15,66,31,33,6,3
10/3/15,54,33,37,5,4
10/4/15,62,20,38,1,2
10/5/15,45,17,30,4,3
10/6/15,45,26,36,4,4
10/7/15,54,37,42,5,5
10/8/15,71,44,46,7,8
10/9/15,79,42,43,16,8
10/10/15,64,29,48,7,6
10/11/15,48,27,57,5,4
10/12/15,50,35,52,9,4
10/13/15,59,27,34,8,4
10/14/15,61,27,22,8,5
10/15/15,67,18,21,2,3
10/16/15,60,26,23,4,3
10/17/15,65,21,34,1,4
10/18/15,62,18,30,1,3
10/19/15,56,27,25,4,4
10/20/15,58,29,26,5,5
10/21/15,56,33,32,5,5
10/22/15,54,37,23,7,5
10/23/15,59,40,34,9,6
10/24/15,72,27,39,6,6
10/25/15,43,34,34,6,6
10/26/15,49,40,51,5,6
10/27/15,60,51,30,10,8
10/28/15,78,49,25,7,8
10/29/15,77,33,36,1,2
10/30/15,21,42,26,14,6
10/31/15,38,37,39,7,7
11/1/15,46,37,50,6,6
11/2/15,55,28,27,2,4
11/3/15,46,14,28,4,3
11/4/15,25,18,26,5,4
11/5/15,23,21,28,7,4
11/6/15,23,29,24,16,7
11/7/15,34,27,34,5,8
11/8/15,35,27,39,4,7
11/9/15,38,31,29,4,5
11/10/15,43,29,32,11,4
11/11/15,34,26,31,27,6
11/12/15,29,30,29,35,8
11/13/15,32,34,23,37,10
11/14/15,40,34,31,33,9
11/15/15,49,32,34,20,7
11/16/15,50,29,31,5,2
11/17/15,13,39,22,32,7
11/18/15,39,47,12,41,10
7/2/15,68,27,32,4,4
7/3/15,61,26,36,2,3
7/4/15,64,26,31,2,3
7/5/15,71,37,31,1,
7/6/15,94,25,30,1,3
7/7/15,62,34,36,2,3
7/8/15,80,27,26,1,3
7/9/15,56,27,24,1,3
7/10/15,53,22,23,4,3
7/11/15,43,18,30,9,3
7/12/15,33,21,31,10,3
7/13/15,38,28,31,13,3
7/14/15,45,32,26,13,2
7/15/15,53,32,35,10,2
7/16/15,59,34,36,3,2
7/17/15,65,34,43,3,3
7/18/15,66,27,26,2,4
7/19/15,69,19,32,2,4
7/20/15,62,16,20,1,4
7/21/15,57,13,18,2,6
7/22/15,45,13,22,,3
7/23/15,47,19,25,2,4
7/24/15,56,27,28,3,4
7/25/15,62,,41,5,4
8/1/15,73,34,40,2,3
8/2/15,79,33,39,2,4
8/3/15,74,38,38,2,3
8/4/15,72,40,32,8,4
8/5/15,64,38,35,3,4
8/6/15,58,42,31,5,4
8/7/15,70,34,35,3,2
8/8/15,66,33,39,1,3
8/9/15,65,29,37,1,3
8/10/15,62,27,36,1,3
8/11/15,60,32,40,2,3
8/12/15,69,31,36,3,4
8/13/15,49,46,34,5,5
8/14/15,62,42,36,10,4
8/15/15,57,40,65,8,5
8/16/15,64,37,54,5,4
8/17/15,70,42,37,2,3
8/18/15,86,39,34,2,4
8/19/15,83,39,38,1,4
8/20/15,87,37,43,2,3
8/21/15,76,38,38,5,3
8/22/15,86,41,50,2,3
8/23/15,94,32,48,2,4
8/24/15,73,37,42,3,5
8/25/15,81,41,30,5,5
8/26/15,87,48,52,7,7
8/27/15,94,41,47,5,6
8/28/15,108,40,53,19,5
8/29/15,66,37,46,7,4
8/30/15,66,31,32,2,2
8/31/15,55,39,33,3,3
9/1/15,66,38,32,2,2
9/2/15,64,30,35,1,2
9/3/15,61,27,34,2,3
9/4/15,49,26,32,4,3
9/5/15,48,32,48,3,4
9/6/15,65,34,57,3,4
9/7/15,67,29,49,2,4
9/8/15,55,35,31,6,4
9/9/15,53,45,40,5,5
9/10/15,64,39,41,8,4
9/11/15,67,36,38,7,5
9/12/15,61,31,31,16,5
9/13/15,56,24,33,11,3
9/14/15,52,23,22,10,3
9/15/15,52,9,17,3,3
9/16/15,45,18,29,1,4
9/17/15,47,28,29,4,4
9/18/15,45,35,45,6,4
9/19/15,58,41,64,5,7
9/20/15,72,29,64,5,5
9/21/15,59,35,35,5,4
9/22/15,74,39,37,3,4
9/23/15,80,41,45,3,5
9/24/15,80,46,54,5,7
9/25/15,84,43,49,11,6
9/26/15,76,40,43,5,6
9/27/15,83,36,58,5,6
9/28/15,74,40,36,5,6
9/29/15,77,37,33,4,7
9/30/15,66,42,39,6,6
10/1/15,71,44,34,7,5
4/2/15,70,41,49,4,4
4/3/15,61,37,51,10,5
4/4/15,52,31,59,5,3
4/5/15,52,35,50,4,3
4/6/15,65,20,43,2,2
4/7/15,41,15,39,3,3
4/8/15,41,21,41,8,3
4/9/15,36,24,43,7,4
4/10/15,51,29,48,5,4
4/11/15,62,26,49,3,3
4/12/15,62,25,58,5,4
4/13/15,57,37,42,3,3
4/14/15,80,40,43,2,2
4/15/15,79,47,40,5,4
4/16/15,63,45,46,7,7
4/17/15,43,46,50,9,4
4/18/15,51,44,55,7,4
4/19/15,59,38,54,3,5
4/20/15,70,34,43,2,3
4/21/15,71,27,42,2,4
4/22/15,63,25,39,2,3
4/23/15,57,23,37,3,3
4/24/15,53,18,35,2,3
4/25/15,46,20,33,1,3
4/26/15,44,27,43,2,3
4/27/15,57,30,56,4,4
4/28/15,54,33,62,7,5
4/29/15,53,36,41,9,7
4/30/15,67,41,37,8,8
5/1/15,68,41,43,8,7
5/2/15,76,41,43,9,8
5/3/15,81,32,43,4,3
5/4/15,67,25,39,1,3
5/5/15,55,20,36,2,4
5/6/15,54,24,38,3,3
5/7/15,51,28,33,1,4
5/8/15,56,,,,
5/13/15,58,35,41,2,3
5/14/15,75,21,30,2,3
5/15/15,41,16,37,3,3
5/16/15,40,27,38,4,4
5/17/15,51,29,40,2,3
5/18/15,53,26,39,,3
5/19/15,47,27,38,3,4
5/20/15,48,28,37,3,4
5/21/15,46,27,36,2,4
5/22/15,45,21,32,3,3
5/23/15,33,16,36,2,4
5/24/15,37,22,40,1,3
5/25/15,47,28,40,,4
5/26/15,57,29,35,1,4
5/27/15,61,32,39,1,3
5/28/15,67,35,39,2,4
5/29/15,71,44,50,3,4
5/30/15,96,44,52,5,4
5/31/15,101,36,56,2,3
6/1/15,88,38,47,2,3
6/2/15,78,30,28,3,4
6/3/15,49,23,32,10,3
6/4/15,47,34,29,4,3
6/5/15,52,33,34,4,3
6/6/15,46,24,37,1,3
6/7/15,46,22,42,1,4
6/8/15,49,36,51,4,6
6/9/15,69,27,30,4,5
6/10/15,58,27,30,1,3
6/11/15,59,23,32,2,4
6/12/15,66,30,24,5,4
6/13/15,86,,29,2,3
6/17/15,74,54,60,5,5
6/18/15,117,50,54,3,6
6/19/15,99,48,66,7,7
6/20/15,88,48,65,5,5
6/21/15,84,43,43,2,3
6/22/15,80,41,39,3,5
6/23/15,70,43,46,3,4
6/24/15,70,47,42,4,4
6/25/15,73,46,39,4,4
6/26/15,68,36,36,4,4
6/27/15,71,27,19,2,4
6/28/15,56,32,43,3,5
6/29/15,57,41,36,3,4
6/30/15,63,39,32,4,5
7/1/15,61,36,30,3,4
1/2/15,81,33,4,5,10
1/3/15,64,37,4,4,9
1/4/15,77,40,4,4,11
1/5/15,87,264,4,5,9
1/6/15,42,375,4,6,8
1/7/15,28,27,4,6,9
1/8/15,36,44,4,12,13
1/9/15,74,53,7,17,13
1/10/15,98,47,6,5,11
1/11/15,104,22,4,2,7
1/12/15,72,40,4,2,8
1/13/15,102,48,4,4,11
1/14/15,108,27,4,5,10
1/15/15,54,24,23,11,7
1/16/15,36,23,21,31,8
1/17/15,24,38,25,17,13
1/18/15,66,38,20,32,11
1/19/15,84,,21,35,12
1/20/15,105,,15,33,12
1/21/15,140,,26,31,9
1/22/15,152,31,5,15,11
1/23/15,54,27,6,11,9
1/24/15,32,32,4,6,10
1/25/15,37,27,4,5,11
1/26/15,44,25,20,5,7
1/27/15,34,22,13,4,8
1/28/15,40,25,16,5,7
1/29/15,34,25,14,6,7
1/30/15,39,20,14,9,6
1/31/15,39,34,31,3,6
2/1/15,69,29,29,4,8
2/2/15,61,37,27,6,9
2/3/15,63,56,18,8,13
2/4/15,115,66,23,9,10
2/5/15,148,64,38,8,12
2/6/15,137,59,38,10,9
2/7/15,137,44,16,4,9
2/8/15,100,26,25,3,5
2/9/15,64,22,24,3,6
2/10/15,41,34,28,6,9
2/11/15,56,29,33,7,9
2/12/15,35,23,37,7,7
2/13/15,32,27,39,10,6
2/14/15,30,27,43,6,8
2/15/15,33,34,52,4,7
2/16/15,62,48,38,3,7
2/17/15,97,51,41,3,6
2/18/15,106,58,38,6,7
2/19/15,122,63,43,4,7
2/20/15,135,54,37,7,5
2/21/15,116,32,39,3,4
2/22/15,63,17,33,1,3
2/23/15,37,12,32,3,4
2/24/15,26,22,35,5,5
2/25/15,28,34,31,6,7
2/26/15,46,43,32,7,7
2/27/15,69,38,32,5,2
2/28/15,55,15,36,1,2
3/1/15,20,8,33,1,1
3/2/15,20,11,31,2,2
3/3/15,21,15,35,3,2
3/4/15,21,21,38,5,4
3/5/15,43,23,42,7,4
3/6/15,40,27,33,15,7
3/7/15,31,29,44,5,6
3/8/15,41,35,42,4,6
3/9/15,57,51,45,5,4
3/10/15,90,57,38,15,6
3/11/15,105,46,25,14,7
3/12/15,74,27,42,6,6
3/13/15,36,23,43,13,5
3/14/15,33,20,55,10,5
3/15/15,32,20,57,6,3
3/16/15,32,31,53,7,5
3/17/15,48,42,50,9,5
3/18/15,60,36,39,5,2
3/19/15,54,38,41,4,2
3/20/15,65,49,51,7,4
3/21/15,102,44,50,3,3
3/22/15,95,29,43,1,1
3/23/15,66,25,34,9,3
3/24/15,48,30,37,5,4
3/25/15,48,38,43,7,6
3/26/15,58,26,44,7,5
3/27/15,37,33,56,9,6
3/28/15,51,,41,7,4
4/1/15,77,37,45,3,2
10/2/14,68,35,4,5,7
10/3/14,51,37,19,16,8
10/4/14,41,31,5,8,8
10/5/14,42,34,7,6,8
10/6/14,59,36,7,4,8
10/7/14,63,38,5,6,12
10/8/14,63,40,4,8,8
10/9/14,66,30,8,3,4
10/10/14,60,41,21,4,6
10/11/14,72,41,4,3,7
10/12/14,83,43,4,3,6
10/13/14,86,46,5,3,7
10/14/14,92,42,8,2,6
10/15/14,85,18,14,2,4
10/16/14,34,36,5,3,6
10/17/14,56,46,20,5,6
10/18/14,33,33,6,3,5
10/19/14,45,30,14,4,8
10/20/14,57,39,16,3,6
10/21/14,62,40,3,4,6
10/22/14,75,43,4,5,8
10/23/14,63,53,34,14,11
10/24/14,78,55,30,13,12
10/25/14,78,30,7,5,8
10/26/14,48,29,7,5,7
10/27/14,46,40,6,4,7
10/28/14,57,46,12,15,8
10/29/14,60,42,6,10,9
10/30/14,53,40,28,13,8
10/31/14,55,36,14,6,7
11/1/14,60,12,10,2,4
11/2/14,21,17,5,4,7
11/3/14,39,26,4,4,9
11/4/14,40,29,4,8,10
11/5/14,41,30,4,6,10
11/6/14,37,31,4,7,10
11/7/14,36,29,5,14,10
11/8/14,37,34,4,8,11
11/9/14,47,42,32,4,11
11/10/14,76,37,8,2,6
11/11/14,82,25,34,3,5
11/12/14,45,22,15,2,4
11/13/14,28,34,11,19,7
11/14/14,58,40,7,10,6
11/15/14,62,29,4,3,8
11/16/14,60,45,5,4,7
11/17/14,58,35,4,5,8
11/18/14,40,297,4,8,10
11/19/14,33,87,4,7,10
11/20/14,49,34,10,5,8
11/21/14,50,20,7,9,6
11/22/14,35,28,4,4,8
11/23/14,44,34,5,4,9
11/24/14,53,28,4,5,9
11/25/14,30,24,4,7,10
11/26/14,32,76,4,6,12
11/27/14,50,,35,28,9
11/28/14,41,31,4,7,10
11/29/14,56,37,28,3,9
11/30/14,66,18,14,1,4
12/1/14,46,23,4,2,8
12/2/14,50,15,18,4,6
12/3/14,34,9,4,3,5
12/4/14,38,,5,3,7
12/6/14,70,33,4,3,10
12/7/14,63,23,5,3,8
12/8/14,50,24,4,4,7
12/9/14,45,28,4,6,9
12/10/14,46,46,5,6,13
12/11/14,86,41,26,4,6
12/12/14,82,8,14,4,4
12/13/14,31,21,4,3,8
12/14/14,46,22,4,3,8
12/15/14,48,31,4,4,9
12/16/14,60,27,6,6,7
12/17/14,59,16,4,4,6
12/18/14,38,29,4,6,9
12/19/14,52,36,8,11,10
12/20/14,64,43,4,4,9
12/21/14,84,51,4,5,10
12/22/14,110,47,,4,14
12/23/14,86,39,4,7,14
12/24/14,64,26,4,5,7
12/25/14,51,19,29,3,5
12/26/14,24,18,7,7,6
12/27/14,25,23,4,4,10
12/28/14,40,25,4,4,8
12/29/14,46,,,,
7/2/14,71,29,10,1,4
7/3/14,76,33,8,2,5
7/4/14,92,33,6,3,5
7/5/14,84,64,3,3,4
7/6/14,132,20,7,1,4
7/7/14,65,24,5,2,4
7/8/14,62,30,7,2,4
7/9/14,68,28,7,1,4
7/10/14,72,26,7,1,3
7/11/14,64,19,16,2,3
7/12/14,56,21,5,2,4
7/13/14,54,25,3,3,5
7/14/14,62,28,6,1,4
7/15/14,64,23,2,4,5
7/16/14,68,20,6,1,4
7/17/14,53,15,21,4,
7/18/14,45,15,7,2,3
7/19/14,53,,5,1,3
7/26/14,70,36,3,3,4
7/27/14,77,29,5,2,4
7/28/14,69,23,6,3,4
7/29/14,59,33,3,4,5
7/30/14,73,32,5,5,5
7/31/14,63,34,3,5,5
8/1/14,67,35,16,5,4
8/2/14,70,33,5,3,5
8/3/14,84,26,3,3,6
8/4/14,73,23,9,2,4
8/5/14,63,23,5,2,4
8/6/14,52,23,6,2,21
8/7/14,56,22,8,1,3
8/8/14,56,31,23,2,4
8/9/14,71,33,8,2,4
8/10/14,80,33,10,1,4
8/11/14,77,26,21,5,5
8/12/14,64,24,9,3,4
8/13/14,204,22,6,1,3
8/14/14,51,28,8,2,5
8/15/14,66,26,20,6,6
8/16/14,61,26,13,7,6
8/17/14,57,27,46,14,
8/18/14,56,36,4,3,6
8/19/14,66,25,20,4,3
8/20/14,53,22,9,1,3
8/21/14,56,20,10,2,3
8/22/14,47,24,21,4,5
8/23/14,56,23,8,1,3
8/24/14,58,20,8,,3
8/25/14,57,25,5,2,4
8/26/14,54,33,10,4,8
8/27/14,68,32,4,5,6
8/28/14,60,36,5,5,6
8/29/14,59,40,26,8,6
8/30/14,70,34,16,3,5
8/31/14,68,29,13,6,4
9/1/14,67,32,9,,3
9/2/14,72,35,9,1,4
9/3/14,68,34,10,1,3
9/4/14,69,30,14,1,4
9/5/14,64,31,27,4,4
9/6/14,72,33,9,2,5
9/7/14,77,35,4,4,6
9/8/14,71,30,6,3,4
9/9/14,72,27,2,4,6
9/10/14,64,30,6,3,5
9/11/14,65,33,4,6,6
9/12/14,64,44,8,7,7
9/13/14,74,41,5,5,7
9/14/14,78,37,5,5,7
9/15/14,74,43,5,5,7
9/16/14,86,44,5,6,6
9/17/14,69,45,3,6,8
9/18/14,63,24,4,2,3
9/19/14,51,23,14,4,3
9/20/14,51,21,7,2,3
9/21/14,53,20,5,2,3
9/22/14,48,28,8,4,5
9/23/14,58,34,3,4,7
9/24/14,65,35,3,6,7
9/25/14,60,31,2,5,6
9/26/14,54,30,28,5,4
9/27/14,50,32,7,2,3
9/28/14,51,25,7,3,4
9/29/14,54,,38,16,4
9/30/14,55,32,26,19,6
10/1/14,63,39,3,5,4
4/2/14,23,13,10,1,3
4/3/14,18,22,3,4,4
4/4/14,39,55,19,5,4
4/5/14,74,19,3,3,4
4/6/14,47,24,3,4,5
4/7/14,52,25,3,6,7
4/8/14,50,30,4,7,6
4/9/14,57,28,3,7,6
4/10/14,56,38,2,7,9
4/11/14,76,38,18,8,6
4/12/14,76,28,11,1,3
4/13/14,67,25,10,1,3
4/14/14,60,35,4,3,6
4/15/14,67,45,3,6,7
4/16/14,77,43,6,3,4
4/17/14,81,46,8,2,3
4/18/14,81,29,18,2,3
4/19/14,61,32,3,4,5
4/20/14,68,35,5,3,4
4/21/14,73,40,4,9,6
4/22/14,84,35,21,5,3
4/23/14,67,37,4,4,3
4/24/14,57,37,6,3,5
4/25/14,63,34,5,4,3
4/26/14,63,15,5,,2
4/27/14,31,27,6,2,2
4/28/14,50,25,4,3,4
4/29/14,52,37,4,8,7
4/30/14,59,45,4,9,6
5/1/14,56,37,4,9,6
5/2/14,55,33,34,10,7
5/3/14,57,36,62,27,7
5/4/14,66,30,41,14,6
5/5/14,60,32,22,7,2
5/6/14,57,27,9,1,2
5/7/14,45,67,8,2,3
5/8/14,66,33,7,3,3
5/9/14,61,34,19,9,5
5/10/14,63,33,3,3,3
5/11/14,60,40,8,2,3
5/12/14,58,29,3,5,4
5/13/14,39,32,6,5,6
5/14/14,42,32,4,11,7
5/15/14,45,27,3,11,6
5/16/14,47,38,13,8,8
5/17/14,66,47,6,6,6
5/18/14,93,38,8,1,4
5/19/14,72,33,8,1,4
5/20/14,64,21,9,1,3
5/21/14,37,26,6,2,4
5/22/14,51,24,5,2,5
5/23/14,56,21,11,2,4
5/24/14,54,27,6,4,5
5/25/14,74,25,35,5,
5/26/14,64,31,44,8,
5/27/14,77,38,17,5,5
5/28/14,87,36,8,2,5
5/29/14,85,38,10,2,4
5/30/14,105,45,9,4,6
5/31/14,90,43,41,18,8
6/1/14,83,34,41,11,4
6/2/14,71,36,6,2,4
6/3/14,72,32,4,3,7
6/4/14,67,29,7,3,5
6/5/14,67,82,5,3,5
6/6/14,82,40,6,3,4
6/7/14,80,78,8,2,4
6/8/14,81,40,24,3,5
6/9/14,85,37,8,2,5
6/10/14,87,34,7,2,6
6/11/14,78,28,9,1,4
6/12/14,62,28,10,1,5
6/13/14,156,32,26,3,5
6/14/14,74,33,41,8,4
6/15/14,82,33,8,1,3
6/16/14,70,32,9,1,3
6/17/14,69,29,7,1,5
6/18/14,62,32,30,8,4
6/19/14,66,39,3,2,4
6/20/14,73,42,16,5,7
6/21/14,79,35,3,3,5
6/22/14,73,32,7,1,4
6/23/14,74,38,8,1,4
6/24/14,75,44,7,1,4
6/25/14,81,42,8,2,4
6/26/14,86,35,6,2,4
6/27/14,73,27,16,3,3
6/28/14,59,31,4,2,3
6/29/14,72,27,6,1,3
6/30/14,73,32,12,2,4
7/1/14,77,28,11,2,5
1/2/14,153,32,4,7,10
1/3/14,48,46,4,10,14
1/4/14,78,49,4,6,14
1/5/14,112,45,4,6,11
1/6/14,71,29,,7,11
1/7/14,35,46,4,7,11
1/8/14,65,52,10,21,13
1/9/14,86,56,3,6,8
1/10/14,114,59,2,17,12
1/11/14,117,46,20,34,
1/12/14,89,51,23,30,18
1/13/14,111,37,1,6,11
1/14/14,46,37,1,8,12
1/15/14,36,39,5,15,14
1/16/14,44,35,5,19,11
1/17/14,46,37,3,13,9
1/18/14,50,33,1,6,10
1/19/14,57,36,1,6,12
1/20/14,57,41,2,7,11
1/21/14,64,32,,10,10
1/22/14,41,47,13,41,
1/23/14,68,50,8,15,10
1/24/14,93,45,3,9,10
1/25/14,66,39,1,6,10
1/26/14,62,40,1,5,9
1/27/14,73,42,4,15,7
1/28/14,73,50,1,7,11
1/29/14,92,58,8,14,14
1/30/14,116,45,20,2,5
1/31/14,92,20,29,3,5
2/1/14,25,13,5,2,4
2/2/14,24,17,24,2,6
2/3/14,25,13,4,3,6
2/4/14,18,23,1,6,6
2/5/14,41,29,2,5,5
2/6/14,47,30,9,8,5
2/7/14,59,23,14,5,5
2/8/14,54,413,2,4,5
2/9/14,301,878,2,2,5
2/12/14,60,34,1,8,8
2/13/14,56,39,1,9,11
2/14/14,66,51,3,20,12
2/15/14,86,55,1,10,12
2/16/14,112,49,2,6,9
2/17/14,95,45,6,5,8
2/18/14,75,49,12,4,5
2/19/14,89,48,7,5,4
2/20/14,85,50,2,7,9
2/21/14,74,46,12,12,8
2/22/14,56,47,3,7,9
2/23/14,81,48,14,5,8
2/24/14,88,48,27,2,6
2/25/14,94,39,10,3,3
2/26/14,80,23,16,3,4
2/27/14,38,15,12,2,3
2/28/14,24,55,24,4,2
3/1/14,64,16,8,2,3
3/2/14,33,11,15,1,3
3/3/14,30,23,1,3,5
3/4/14,49,34,8,4,6
3/5/14,69,41,1,6,6
3/6/14,77,35,3,4,5
3/7/14,61,32,6,6,4
3/8/14,52,26,11,6,7
3/9/14,42,16,23,12,5
3/10/14,28,23,24,9,6
3/11/14,33,69,11,16,4
3/12/14,53,66,17,3,5
3/13/14,51,34,8,2,3
3/14/14,52,41,15,12,5
3/15/14,67,35,3,5,6
3/16/14,60,32,4,6,7
3/17/14,50,44,15,5,7
3/18/14,61,79,20,2,6
3/19/14,94,47,13,4,7
3/20/14,66,45,16,4,6
3/21/14,66,39,21,4,3
3/22/14,64,36,27,4,4
3/23/14,60,38,24,2,5
3/24/14,63,45,30,2,4
3/25/14,74,78,28,4,4
3/26/14,80,20,18,1,3
3/27/14,28,22,8,3,5
3/28/14,40,33,20,5,4
3/29/14,53,37,10,4,5
3/30/14,59,17,3,1,3
3/31/14,27,25,30,3,3
4/1/14,42,14,11,1,5
11/29/21,,48,20,42,10
11/30/21,,55,9,50,14
8/5/21,,33,42,17,3
4/13/21,,25,36,7,1
4/1/20,,25,31,14,2
4/7/20,,4,23,9,2
1/1/20,,30,24,19,4
9/25/19,,34,37,15,3
1/1/19,,33,24,20,6
9/9/17,,27,39,8,2
4/3/17,,29,31,10,2
6/22/17,,21,29,15,3
2/1/17,,36,29,31,8
1/5/16,,29,25,5,4
1/6/16,,20,20,7,5
1/7/16,,15,19,3,3
1/8/16,,11,23,4,3
1/10/16,,27,23,13,6
1/11/16,,27,25,14,3
1/12/16,,36,17,26,7
11/19/15,,37,21,38,9
11/20/15,,42,13,48,11
11/21/15,,34,30,31,9
11/22/15,,25,32,25,6
11/23/15,,31,21,35,7
11/24/15,,36,27,26,8
11/25/15,,21,29,16,4
11/26/15,,22,28,16,4
11/27/15,,18,27,14,3
11/28/15,,21,27,21,5
11/29/15,,22,30,20,5
11/30/15,,28,23,29,6
12/1/15,,37,20,35,8
12/2/15,,28,21,34,6
12/3/15,,36,11,36,7
12/4/15,,44,9,36,9
12/5/15,,29,26,25,5
12/6/15,,26,26,25,6
12/7/15,,34,14,37,8
12/8/15,,44,12,43,11
12/9/15,,59,6,54,15
12/10/15,,56,26,29,10
12/11/15,,20,32,10,3
12/12/15,,15,27,11,3
12/13/15,,20,28,17,4
12/14/15,,11,30,4,2
12/15/15,,21,21,25,6
12/16/15,,28,17,30,8
12/17/15,,32,16,32,8
12/18/15,,32,17,32,8
12/19/15,,32,23,24,8
12/20/15,,18,25,16,4
12/21/15,,29,15,25,5
12/22/15,,18,5,11,5
12/23/15,,23,18,4,5
12/24/15,,20,22,3,4
12/25/15,,13,31,2,4
12/26/15,,19,26,6,5
12/27/15,,27,27,4,6
12/28/15,,26,23,3,5
12/29/15,,25,19,6,8
12/30/15,,37,18,8,7
12/31/15,,34,29,8,7
1/3/16,,31,29,18,8
7/31/15,,43,36,5,3
5/12/15,,33,41,,3
6/16/15,,47,46,4,5
1/1/15,,39,5,6,9
3/31/15,,45,39,5,6
12/5/14,,38,4,6,8
7/25/14,,45,5,3,4
1/1/14,,68,4,9,17
2/10/14,,877,1,4,6
2/11/14,,255,1,6,9
4/12/21,,,43,7,2
4/5/20,,,21,2,1
4/6/20,,,27,5,1
9/21/19,,,52,17,4
9/22/19,,,49,18,5
9/23/19,,,36,16,4
9/24/19,,,32,20,6
6/17/17,,,60,14,2
6/18/17,,,47,16,3
6/19/17,,,36,16,4
6/20/17,,,42,15,4
6/21/17,,,37,14,3
1/30/17,,,27,31,7
1/31/17,,,17,32,9
1/2/16,,,22,25,6
7/26/15,,,30,3,3
7/27/15,,,31,4,2
7/28/15,,,38,6,3
7/29/15,,,41,2,4
7/30/15,,,37,2,4
6/14/15,,,42,1,4
6/15/15,,,42,2,4
3/29/15,,,46,2,4
3/30/15,,,47,5,5
7/20/14,,,6,,3
7/21/14,,,4,1,4
7/22/14,,,3,2,4
7/23/14,,,2,4,5
7/24/14,,,4,4,6